customer_id,signup_date,acquisition_channel,initial_plan,cac
CUST00000,2024-01-01,content_seo,Premium,151.65
CUST00001,2024-01-01,paid_social,Basic,318.7
CUST00002,2024-01-01,paid_search,Basic,211.06
CUST00003,2024-01-01,content_seo,Plus,171.96
CUST00004,2024-01-01,organic_referral,Basic,62.23
CUST00005,2024-01-01,paid_search,Premium,236.68
CUST00006,2024-01-01,content_seo,Basic,139.29
CUST00007,2024-01-01,content_seo,Basic,163.31
CUST00008,2024-01-01,organic_referral,Plus,71.19
CUST00009,2024-01-01,paid_social,Premium,385.67
CUST00010,2024-01-01,paid_social,Basic,279.51
CUST00011,2024-01-01,paid_search,Basic,218.48
CUST00012,2024-02-01,organic_referral,Plus,87.42
CUST00013,2024-02-01,paid_social,Basic,338.73
CUST00014,2024-02-01,organic_referral,Plus,59.98
CUST00015,2024-02-01,content_seo,Plus,164.66
CUST00016,2024-02-01,paid_social,Basic,331.73
CUST00017,2024-02-01,content_seo,Basic,138.44
CUST00018,2024-02-01,content_seo,Premium,145.22
CUST00019,2024-02-01,paid_social,Basic,254.67
CUST00020,2024-02-01,content_seo,Plus,162.43
CUST00021,2024-02-01,content_seo,Plus,167.26
CUST00022,2024-02-01,paid_social,Plus,306.34
CUST00023,2024-02-01,organic_referral,Plus,60.36
CUST00024,2024-02-01,content_seo,Basic,133.45
CUST00025,2024-02-01,organic_referral,Plus,59.27
CUST00026,2024-02-01,organic_referral,Basic,72.3
CUST00027,2024-02-01,organic_referral,Basic,65.19
CUST00028,2024-02-01,content_seo,Plus,161.16
CUST00029,2024-02-01,content_seo,Plus,147.54
CUST00030,2024-02-01,content_seo,Plus,148.01
CUST00031,2024-02-01,content_seo,Basic,113.82
CUST00032,2024-02-01,paid_social,Plus,260.11
CUST00033,2024-02-01,paid_social,Basic,263.78
CUST00034,2024-02-01,organic_referral,Plus,84.49
CUST00035,2024-03-01,content_seo,Plus,199.92
CUST00036,2024-03-01,paid_social,Basic,316.58
CUST00037,2024-03-01,organic_referral,Basic,33.02
CUST00038,2024-03-01,organic_referral,Plus,52.81
CUST00039,2024-03-01,paid_search,Basic,181.64
CUST00040,2024-03-01,paid_social,Plus,342.64
CUST00041,2024-03-01,organic_referral,Plus,62.62
CUST00042,2024-03-01,paid_social,Plus,233.01
CUST00043,2024-03-01,paid_social,Plus,297.85
CUST00044,2024-03-01,organic_referral,Basic,66.95
CUST00045,2024-03-01,paid_search,Basic,185.02
CUST00046,2024-03-01,content_seo,Plus,125.87
CUST00047,2024-03-01,content_seo,Premium,203.21
CUST00048,2024-03-01,paid_social,Basic,333.54
CUST00049,2024-03-01,content_seo,Plus,173.29
CUST00050,2024-03-01,paid_social,Basic,293.73
CUST00051,2024-03-01,content_seo,Basic,133.63
CUST00052,2024-03-01,organic_referral,Basic,58.18
CUST00053,2024-03-01,paid_social,Plus,248.88
CUST00054,2024-03-01,organic_referral,Premium,88.69
CUST00055,2024-03-01,paid_social,Basic,295.25
CUST00056,2024-03-01,paid_social,Plus,352.24
CUST00057,2024-03-01,organic_referral,Basic,58.84
CUST00058,2024-03-01,organic_referral,Plus,71.43
CUST00059,2024-03-01,paid_social,Plus,307.33
CUST00060,2024-03-01,organic_referral,Basic,44.48
CUST00061,2024-03-01,paid_search,Basic,251.71
CUST00062,2024-03-01,paid_social,Basic,284.67
CUST00063,2024-03-01,paid_social,Basic,255.72
CUST00064,2024-03-01,paid_social,Premium,325.73
CUST00065,2024-03-01,organic_referral,Basic,64.92
CUST00066,2024-03-01,paid_search,Basic,210.13
CUST00067,2024-03-01,paid_social,Plus,303.62
CUST00068,2024-03-01,content_seo,Plus,98.75
CUST00069,2024-03-01,organic_referral,Plus,52.35
CUST00070,2024-04-01,organic_referral,Basic,59.48
CUST00071,2024-04-01,content_seo,Plus,193.22
CUST00072,2024-04-01,content_seo,Premium,143.87
CUST00073,2024-04-01,content_seo,Plus,160.87
CUST00074,2024-04-01,organic_referral,Basic,62.99
CUST00075,2024-04-01,organic_referral,Basic,61.43
CUST00076,2024-04-01,paid_search,Basic,206.97
CUST00077,2024-04-01,paid_social,Plus,318.86
CUST00078,2024-04-01,paid_social,Basic,306.22
CUST00079,2024-04-01,paid_social,Plus,302.13
CUST00080,2024-04-01,content_seo,Basic,131.96
CUST00081,2024-04-01,paid_search,Basic,197.08
CUST00082,2024-04-01,organic_referral,Basic,88.6
CUST00083,2024-04-01,paid_search,Basic,177.11
CUST00084,2024-04-01,organic_referral,Basic,68.92
CUST00085,2024-04-01,paid_social,Basic,347.65
CUST00086,2024-04-01,content_seo,Basic,162.0
CUST00087,2024-04-01,organic_referral,Premium,78.91
CUST00088,2024-04-01,organic_referral,Plus,48.34
CUST00089,2024-04-01,paid_social,Basic,310.55
CUST00090,2024-04-01,paid_search,Basic,191.23
CUST00091,2024-04-01,paid_social,Basic,289.92
CUST00092,2024-04-01,paid_search,Plus,244.14
CUST00093,2024-04-01,content_seo,Plus,144.08
CUST00094,2024-04-01,paid_social,Basic,311.84
CUST00095,2024-04-01,content_seo,Plus,106.08
CUST00096,2024-04-01,organic_referral,Basic,90.91
CUST00097,2024-04-01,organic_referral,Basic,77.96
CUST00098,2024-04-01,content_seo,Plus,148.47
CUST00099,2024-04-01,content_seo,Premium,141.64
CUST00100,2024-04-01,organic_referral,Basic,73.74
CUST00101,2024-04-01,paid_social,Basic,347.1
CUST00102,2024-04-01,content_seo,Plus,193.6
CUST00103,2024-04-01,paid_search,Plus,224.84
CUST00104,2024-04-01,content_seo,Plus,151.66
CUST00105,2024-04-01,paid_social,Basic,339.58
CUST00106,2024-04-01,paid_social,Plus,331.29
CUST00107,2024-04-01,paid_social,Basic,302.82
CUST00108,2024-04-01,content_seo,Premium,168.77
CUST00109,2024-04-01,paid_search,Premium,221.92
CUST00110,2024-04-01,paid_social,Premium,297.32
CUST00111,2024-04-01,organic_referral,Plus,57.23
CUST00112,2024-04-01,organic_referral,Plus,74.56
CUST00113,2024-04-01,content_seo,Plus,124.66
CUST00114,2024-04-01,content_seo,Basic,119.59
CUST00115,2024-04-01,organic_referral,Plus,69.68
CUST00116,2024-04-01,organic_referral,Basic,74.13
CUST00117,2024-05-01,paid_social,Basic,309.17
CUST00118,2024-05-01,content_seo,Basic,132.38
CUST00119,2024-05-01,content_seo,Basic,154.92
CUST00120,2024-05-01,paid_social,Plus,284.25
CUST00121,2024-05-01,paid_social,Basic,289.37
CUST00122,2024-05-01,paid_search,Plus,224.89
CUST00123,2024-05-01,organic_referral,Basic,45.55
CUST00124,2024-05-01,organic_referral,Basic,30.0
CUST00125,2024-05-01,organic_referral,Premium,76.24
CUST00126,2024-05-01,content_seo,Plus,154.94
CUST00127,2024-05-01,paid_social,Basic,353.11
CUST00128,2024-05-01,content_seo,Basic,130.76
CUST00129,2024-05-01,content_seo,Premium,147.55
CUST00130,2024-05-01,paid_social,Plus,303.69
CUST00131,2024-05-01,paid_search,Plus,182.17
CUST00132,2024-05-01,content_seo,Plus,127.8
CUST00133,2024-05-01,organic_referral,Premium,77.05
CUST00134,2024-05-01,paid_social,Basic,244.71
CUST00135,2024-05-01,paid_social,Basic,258.38
CUST00136,2024-05-01,organic_referral,Plus,63.03
CUST00137,2024-05-01,organic_referral,Basic,78.92
CUST00138,2024-05-01,paid_search,Premium,183.98
CUST00139,2024-05-01,paid_social,Plus,273.83
CUST00140,2024-05-01,paid_social,Basic,292.43
CUST00141,2024-05-01,content_seo,Premium,159.05
CUST00142,2024-05-01,paid_social,Basic,286.29
CUST00143,2024-05-01,paid_search,Plus,232.02
CUST00144,2024-05-01,content_seo,Basic,177.86
CUST00145,2024-05-01,paid_social,Basic,294.75
CUST00146,2024-05-01,paid_social,Basic,378.04
CUST00147,2024-05-01,paid_search,Basic,202.08
CUST00148,2024-05-01,content_seo,Plus,176.91
CUST00149,2024-05-01,paid_search,Plus,209.99
CUST00150,2024-05-01,organic_referral,Basic,69.71
CUST00151,2024-05-01,paid_search,Plus,152.31
CUST00152,2024-05-01,content_seo,Basic,122.07
CUST00153,2024-05-01,organic_referral,Basic,60.6
CUST00154,2024-05-01,paid_social,Basic,344.24
CUST00155,2024-05-01,content_seo,Premium,158.69
CUST00156,2024-05-01,organic_referral,Plus,60.73
CUST00157,2024-05-01,paid_social,Plus,324.77
CUST00158,2024-05-01,content_seo,Plus,176.6
CUST00159,2024-05-01,organic_referral,Basic,65.1
CUST00160,2024-05-01,paid_social,Plus,308.92
CUST00161,2024-05-01,paid_social,Plus,303.66
CUST00162,2024-05-01,paid_social,Basic,297.73
CUST00163,2024-05-01,paid_search,Basic,176.62
CUST00164,2024-05-01,content_seo,Plus,128.71
CUST00165,2024-05-01,organic_referral,Basic,74.19
CUST00166,2024-05-01,paid_search,Basic,232.56
CUST00167,2024-05-01,paid_search,Basic,191.41
CUST00168,2024-05-01,organic_referral,Basic,60.37
CUST00169,2024-05-01,content_seo,Basic,104.21
CUST00170,2024-05-01,organic_referral,Premium,35.14
CUST00171,2024-05-01,paid_search,Basic,240.92
CUST00172,2024-05-01,content_seo,Basic,132.01
CUST00173,2024-05-01,content_seo,Premium,90.0
CUST00174,2024-05-01,organic_referral,Plus,101.31
CUST00175,2024-06-01,paid_social,Basic,353.45
CUST00176,2024-06-01,content_seo,Premium,143.69
CUST00177,2024-06-01,content_seo,Premium,90.0
CUST00178,2024-06-01,paid_social,Plus,288.25
CUST00179,2024-06-01,content_seo,Premium,167.86
CUST00180,2024-06-01,organic_referral,Plus,47.35
CUST00181,2024-06-01,organic_referral,Premium,68.53
CUST00182,2024-06-01,paid_social,Basic,251.11
CUST00183,2024-06-01,organic_referral,Plus,92.32
CUST00184,2024-06-01,organic_referral,Basic,58.64
CUST00185,2024-06-01,content_seo,Premium,117.97
CUST00186,2024-06-01,paid_search,Premium,184.38
CUST00187,2024-06-01,paid_social,Premium,309.67
CUST00188,2024-06-01,content_seo,Premium,162.89
CUST00189,2024-06-01,paid_search,Plus,238.23
CUST00190,2024-06-01,organic_referral,Premium,55.45
CUST00191,2024-06-01,paid_social,Basic,330.52
CUST00192,2024-06-01,paid_social,Basic,232.58
CUST00193,2024-06-01,organic_referral,Plus,49.49
CUST00194,2024-06-01,content_seo,Premium,114.41
CUST00195,2024-06-01,paid_social,Plus,267.74
CUST00196,2024-06-01,paid_social,Basic,328.55
CUST00197,2024-06-01,organic_referral,Plus,55.79
CUST00198,2024-06-01,organic_referral,Basic,58.39
CUST00199,2024-06-01,paid_search,Plus,208.07
CUST00200,2024-06-01,organic_referral,Basic,72.07
CUST00201,2024-06-01,organic_referral,Plus,58.83
CUST00202,2024-06-01,organic_referral,Premium,49.39
CUST00203,2024-06-01,paid_social,Plus,364.44
CUST00204,2024-06-01,paid_social,Basic,283.79
CUST00205,2024-06-01,paid_social,Basic,287.58
CUST00206,2024-06-01,organic_referral,Basic,62.15
CUST00207,2024-06-01,organic_referral,Basic,73.69
CUST00208,2024-06-01,content_seo,Premium,112.64
CUST00209,2024-06-01,content_seo,Plus,201.32
CUST00210,2024-06-01,content_seo,Basic,141.57
CUST00211,2024-06-01,content_seo,Premium,165.38
CUST00212,2024-06-01,content_seo,Plus,118.23
CUST00213,2024-06-01,organic_referral,Premium,67.47
CUST00214,2024-06-01,paid_social,Basic,373.91
CUST00215,2024-06-01,paid_social,Basic,366.72
CUST00216,2024-06-01,paid_social,Basic,323.49
CUST00217,2024-06-01,content_seo,Plus,128.27
CUST00218,2024-06-01,paid_social,Basic,348.5
CUST00219,2024-06-01,content_seo,Premium,107.7
CUST00220,2024-06-01,paid_search,Basic,172.93
CUST00221,2024-06-01,paid_social,Basic,296.74
CUST00222,2024-06-01,paid_search,Premium,151.53
CUST00223,2024-06-01,paid_social,Plus,279.09
CUST00224,2024-06-01,paid_search,Plus,223.55
CUST00225,2024-06-01,paid_social,Basic,271.45
CUST00226,2024-06-01,paid_social,Basic,333.43
CUST00227,2024-06-01,paid_social,Basic,395.3
CUST00228,2024-06-01,organic_referral,Plus,70.82
CUST00229,2024-06-01,paid_social,Basic,332.67
CUST00230,2024-06-01,paid_search,Plus,237.55
CUST00231,2024-06-01,content_seo,Basic,139.11
CUST00232,2024-06-01,organic_referral,Basic,76.86
CUST00233,2024-06-01,paid_social,Premium,281.65
CUST00234,2024-06-01,organic_referral,Basic,69.71
CUST00235,2024-06-01,organic_referral,Premium,79.28
CUST00236,2024-06-01,paid_search,Basic,175.2
CUST00237,2024-06-01,paid_social,Basic,207.19
CUST00238,2024-06-01,paid_social,Basic,263.39
CUST00239,2024-06-01,paid_social,Basic,344.52
CUST00240,2024-06-01,organic_referral,Basic,49.54
CUST00241,2024-06-01,organic_referral,Plus,80.74
CUST00242,2024-06-01,content_seo,Plus,127.24
CUST00243,2024-06-01,content_seo,Plus,144.46
CUST00244,2024-06-01,paid_search,Basic,199.59
CUST00245,2024-07-01,paid_search,Basic,146.4
CUST00246,2024-07-01,organic_referral,Basic,79.94
CUST00247,2024-07-01,paid_social,Basic,341.03
CUST00248,2024-07-01,paid_social,Basic,266.2
CUST00249,2024-07-01,paid_social,Plus,313.78
CUST00250,2024-07-01,paid_social,Basic,351.49
CUST00251,2024-07-01,content_seo,Premium,146.69
CUST00252,2024-07-01,content_seo,Plus,142.02
CUST00253,2024-07-01,organic_referral,Plus,61.97
CUST00254,2024-07-01,paid_social,Basic,310.12
CUST00255,2024-07-01,organic_referral,Premium,55.58
CUST00256,2024-07-01,paid_social,Plus,283.92
CUST00257,2024-07-01,content_seo,Premium,156.83
CUST00258,2024-07-01,organic_referral,Basic,57.78
CUST00259,2024-07-01,paid_social,Basic,253.52
CUST00260,2024-07-01,paid_search,Premium,144.14
CUST00261,2024-07-01,organic_referral,Plus,65.46
CUST00262,2024-07-01,paid_social,Plus,348.57
CUST00263,2024-07-01,content_seo,Plus,159.9
CUST00264,2024-07-01,organic_referral,Premium,48.08
CUST00265,2024-07-01,organic_referral,Plus,53.71
CUST00266,2024-07-01,organic_referral,Basic,60.11
CUST00267,2024-07-01,paid_search,Basic,255.12
CUST00268,2024-07-01,organic_referral,Basic,93.58
CUST00269,2024-07-01,organic_referral,Premium,91.31
CUST00270,2024-07-01,organic_referral,Basic,66.97
CUST00271,2024-07-01,organic_referral,Plus,112.68
CUST00272,2024-07-01,content_seo,Plus,132.32
CUST00273,2024-07-01,organic_referral,Basic,59.57
CUST00274,2024-07-01,paid_social,Basic,336.34
CUST00275,2024-07-01,paid_social,Basic,311.14
CUST00276,2024-07-01,content_seo,Plus,158.41
CUST00277,2024-07-01,organic_referral,Premium,35.95
CUST00278,2024-07-01,paid_search,Basic,170.54
CUST00279,2024-07-01,content_seo,Premium,148.54
CUST00280,2024-07-01,organic_referral,Basic,54.6
CUST00281,2024-07-01,content_seo,Plus,116.45
CUST00282,2024-07-01,paid_search,Basic,182.45
CUST00283,2024-07-01,organic_referral,Basic,69.18
CUST00284,2024-07-01,paid_search,Plus,221.73
CUST00285,2024-07-01,paid_social,Basic,224.32
CUST00286,2024-07-01,content_seo,Plus,149.69
CUST00287,2024-07-01,paid_search,Premium,196.9
CUST00288,2024-07-01,paid_social,Premium,309.02
CUST00289,2024-07-01,content_seo,Premium,122.22
CUST00290,2024-07-01,paid_social,Basic,256.27
CUST00291,2024-07-01,content_seo,Plus,181.12
CUST00292,2024-07-01,content_seo,Premium,90.0
CUST00293,2024-07-01,organic_referral,Plus,52.5
CUST00294,2024-07-01,paid_social,Basic,283.66
CUST00295,2024-07-01,paid_social,Plus,287.53
CUST00296,2024-07-01,organic_referral,Plus,54.86
CUST00297,2024-07-01,organic_referral,Basic,72.18
CUST00298,2024-07-01,paid_social,Plus,315.59
CUST00299,2024-07-01,organic_referral,Basic,62.79
CUST00300,2024-07-01,organic_referral,Basic,55.67
CUST00301,2024-07-01,content_seo,Basic,144.36
CUST00302,2024-07-01,content_seo,Premium,151.75
CUST00303,2024-07-01,content_seo,Plus,131.21
CUST00304,2024-07-01,paid_social,Basic,322.22
CUST00305,2024-07-01,paid_search,Premium,229.62
CUST00306,2024-07-01,paid_social,Basic,357.45
CUST00307,2024-07-01,organic_referral,Basic,85.45
CUST00308,2024-07-01,organic_referral,Premium,60.23
CUST00309,2024-07-01,content_seo,Premium,152.98
CUST00310,2024-07-01,organic_referral,Basic,62.51
CUST00311,2024-07-01,paid_social,Basic,293.21
CUST00312,2024-07-01,paid_search,Basic,193.03
CUST00313,2024-07-01,organic_referral,Premium,65.09
CUST00314,2024-07-01,organic_referral,Premium,82.48
CUST00315,2024-07-01,paid_search,Plus,209.29
CUST00316,2024-07-01,paid_social,Basic,253.97
CUST00317,2024-07-01,organic_referral,Basic,79.1
CUST00318,2024-07-01,paid_search,Basic,206.35
CUST00319,2024-07-01,paid_search,Plus,214.72
CUST00320,2024-07-01,paid_social,Basic,311.57
CUST00321,2024-07-01,content_seo,Premium,158.4
CUST00322,2024-07-01,organic_referral,Plus,70.74
CUST00323,2024-07-01,organic_referral,Basic,39.15
CUST00324,2024-07-01,paid_social,Basic,319.1
CUST00325,2024-07-01,organic_referral,Basic,54.32
CUST00326,2024-07-01,content_seo,Plus,137.9
CUST00327,2024-08-01,content_seo,Premium,118.96
CUST00328,2024-08-01,content_seo,Plus,152.74
CUST00329,2024-08-01,organic_referral,Basic,44.34
CUST00330,2024-08-01,paid_search,Basic,204.5
CUST00331,2024-08-01,paid_social,Basic,304.73
CUST00332,2024-08-01,content_seo,Basic,146.16
CUST00333,2024-08-01,organic_referral,Premium,58.15
CUST00334,2024-08-01,paid_search,Basic,180.67
CUST00335,2024-08-01,organic_referral,Plus,48.92
CUST00336,2024-08-01,organic_referral,Basic,86.68
CUST00337,2024-08-01,paid_social,Basic,292.12
CUST00338,2024-08-01,organic_referral,Premium,61.56
CUST00339,2024-08-01,organic_referral,Basic,51.31
CUST00340,2024-08-01,content_seo,Plus,182.98
CUST00341,2024-08-01,paid_social,Premium,276.54
CUST00342,2024-08-01,paid_search,Basic,207.31
CUST00343,2024-08-01,paid_social,Basic,317.3
CUST00344,2024-08-01,content_seo,Plus,152.76
CUST00345,2024-08-01,paid_social,Plus,244.08
CUST00346,2024-08-01,content_seo,Plus,166.33
CUST00347,2024-08-01,paid_social,Basic,276.16
CUST00348,2024-08-01,paid_social,Plus,331.8
CUST00349,2024-08-01,paid_search,Premium,180.32
CUST00350,2024-08-01,paid_social,Basic,297.32
CUST00351,2024-08-01,organic_referral,Premium,72.42
CUST00352,2024-08-01,content_seo,Plus,181.05
CUST00353,2024-08-01,content_seo,Basic,165.35
CUST00354,2024-08-01,organic_referral,Basic,72.79
CUST00355,2024-08-01,paid_social,Plus,328.03
CUST00356,2024-08-01,paid_search,Plus,176.16
CUST00357,2024-08-01,content_seo,Premium,171.01
CUST00358,2024-08-01,paid_search,Plus,191.85
CUST00359,2024-08-01,paid_social,Basic,290.38
CUST00360,2024-08-01,content_seo,Basic,151.97
CUST00361,2024-08-01,paid_social,Basic,285.55
CUST00362,2024-08-01,paid_search,Basic,170.34
CUST00363,2024-08-01,paid_social,Basic,300.12
CUST00364,2024-08-01,content_seo,Basic,144.1
CUST00365,2024-08-01,paid_social,Plus,289.19
CUST00366,2024-08-01,paid_social,Basic,296.06
CUST00367,2024-08-01,content_seo,Premium,97.56
CUST00368,2024-08-01,paid_social,Plus,289.48
CUST00369,2024-08-01,paid_search,Basic,241.45
CUST00370,2024-08-01,paid_social,Basic,351.54
CUST00371,2024-08-01,content_seo,Plus,150.93
CUST00372,2024-08-01,paid_social,Basic,300.15
CUST00373,2024-08-01,paid_social,Basic,207.22
CUST00374,2024-08-01,paid_social,Plus,278.27
CUST00375,2024-08-01,organic_referral,Basic,75.35
CUST00376,2024-08-01,organic_referral,Basic,59.24
CUST00377,2024-08-01,content_seo,Plus,175.75
CUST00378,2024-08-01,content_seo,Basic,174.07
CUST00379,2024-08-01,content_seo,Plus,135.96
CUST00380,2024-08-01,organic_referral,Premium,66.66
CUST00381,2024-08-01,paid_social,Plus,358.92
CUST00382,2024-08-01,organic_referral,Basic,43.73
CUST00383,2024-08-01,content_seo,Plus,140.92
CUST00384,2024-08-01,paid_search,Plus,154.78
CUST00385,2024-08-01,organic_referral,Plus,52.09
CUST00386,2024-08-01,content_seo,Basic,195.04
CUST00387,2024-08-01,organic_referral,Plus,59.55
CUST00388,2024-08-01,organic_referral,Basic,36.38
CUST00389,2024-08-01,organic_referral,Plus,50.03
CUST00390,2024-08-01,organic_referral,Plus,41.0
CUST00391,2024-08-01,content_seo,Plus,153.72
CUST00392,2024-08-01,paid_search,Basic,212.52
CUST00393,2024-08-01,organic_referral,Plus,77.82
CUST00394,2024-08-01,paid_social,Basic,325.31
CUST00395,2024-08-01,content_seo,Premium,115.59
CUST00396,2024-08-01,paid_search,Basic,210.96
CUST00397,2024-08-01,content_seo,Plus,146.48
CUST00398,2024-08-01,organic_referral,Premium,80.11
CUST00399,2024-08-01,content_seo,Basic,168.75
CUST00400,2024-08-01,paid_social,Basic,378.42
CUST00401,2024-08-01,paid_search,Basic,172.2
CUST00402,2024-08-01,paid_social,Basic,257.67
CUST00403,2024-08-01,content_seo,Basic,137.85
CUST00404,2024-08-01,organic_referral,Premium,63.46
CUST00405,2024-08-01,paid_social,Basic,273.03
CUST00406,2024-08-01,paid_search,Basic,173.61
CUST00407,2024-08-01,content_seo,Plus,157.44
CUST00408,2024-08-01,paid_social,Plus,280.44
CUST00409,2024-08-01,paid_search,Basic,178.59
CUST00410,2024-08-01,paid_search,Basic,158.66
CUST00411,2024-08-01,paid_social,Basic,210.01
CUST00412,2024-08-01,paid_social,Plus,353.0
CUST00413,2024-08-01,paid_social,Basic,351.62
CUST00414,2024-08-01,content_seo,Basic,169.56
CUST00415,2024-08-01,paid_social,Basic,320.96
CUST00416,2024-08-01,organic_referral,Plus,56.35
CUST00417,2024-08-01,paid_search,Basic,216.99
CUST00418,2024-08-01,paid_search,Plus,166.32
CUST00419,2024-08-01,content_seo,Plus,152.16
CUST00420,2024-08-01,paid_search,Basic,176.22
CUST00421,2024-09-01,paid_social,Basic,317.11
CUST00422,2024-09-01,organic_referral,Premium,57.1
CUST00423,2024-09-01,organic_referral,Basic,99.65
CUST00424,2024-09-01,paid_search,Basic,178.03
CUST00425,2024-09-01,paid_social,Basic,295.63
CUST00426,2024-09-01,paid_social,Plus,322.49
CUST00427,2024-09-01,paid_social,Plus,314.11
CUST00428,2024-09-01,paid_social,Basic,318.65
CUST00429,2024-09-01,content_seo,Plus,137.32
CUST00430,2024-09-01,paid_search,Plus,192.38
CUST00431,2024-09-01,paid_search,Premium,227.49
CUST00432,2024-09-01,paid_social,Basic,334.48
CUST00433,2024-09-01,paid_social,Premium,315.08
CUST00434,2024-09-01,paid_social,Plus,353.15
CUST00435,2024-09-01,paid_social,Plus,338.38
CUST00436,2024-09-01,paid_social,Plus,333.16
CUST00437,2024-09-01,content_seo,Basic,109.87
CUST00438,2024-09-01,paid_social,Basic,314.58
CUST00439,2024-09-01,paid_social,Plus,307.09
CUST00440,2024-09-01,paid_social,Plus,358.94
CUST00441,2024-09-01,paid_social,Basic,185.32
CUST00442,2024-09-01,organic_referral,Basic,62.53
CUST00443,2024-09-01,organic_referral,Basic,66.41
CUST00444,2024-09-01,content_seo,Premium,122.84
CUST00445,2024-09-01,paid_social,Plus,263.37
CUST00446,2024-09-01,organic_referral,Basic,87.16
CUST00447,2024-09-01,paid_social,Basic,318.49
CUST00448,2024-09-01,content_seo,Basic,196.56
CUST00449,2024-09-01,organic_referral,Premium,62.26
CUST00450,2024-09-01,content_seo,Basic,114.75
CUST00451,2024-09-01,paid_search,Basic,190.28
CUST00452,2024-09-01,paid_social,Basic,280.33
CUST00453,2024-09-01,content_seo,Premium,167.37
CUST00454,2024-09-01,organic_referral,Plus,74.78
CUST00455,2024-09-01,paid_search,Premium,215.4
CUST00456,2024-09-01,paid_social,Plus,389.19
CUST00457,2024-09-01,paid_search,Basic,237.83
CUST00458,2024-09-01,paid_social,Basic,265.91
CUST00459,2024-09-01,organic_referral,Premium,79.93
CUST00460,2024-09-01,organic_referral,Plus,65.42
CUST00461,2024-09-01,content_seo,Basic,144.76
CUST00462,2024-09-01,paid_social,Plus,356.05
CUST00463,2024-09-01,organic_referral,Basic,51.33
CUST00464,2024-09-01,content_seo,Premium,173.03
CUST00465,2024-09-01,paid_search,Premium,222.36
CUST00466,2024-09-01,paid_social,Basic,262.84
CUST00467,2024-09-01,paid_social,Basic,234.58
CUST00468,2024-09-01,organic_referral,Basic,63.75
CUST00469,2024-09-01,content_seo,Plus,90.0
CUST00470,2024-09-01,paid_social,Basic,344.83
CUST00471,2024-09-01,paid_search,Plus,210.82
CUST00472,2024-09-01,paid_social,Basic,357.55
CUST00473,2024-09-01,paid_social,Premium,311.6
CUST00474,2024-09-01,organic_referral,Premium,87.75
CUST00475,2024-09-01,organic_referral,Basic,56.1
CUST00476,2024-09-01,content_seo,Plus,162.75
CUST00477,2024-09-01,paid_social,Basic,284.19
CUST00478,2024-09-01,paid_social,Plus,295.43
CUST00479,2024-09-01,paid_search,Basic,202.72
CUST00480,2024-09-01,paid_search,Plus,210.72
CUST00481,2024-09-01,paid_search,Basic,178.26
CUST00482,2024-09-01,organic_referral,Plus,71.9
CUST00483,2024-09-01,paid_social,Plus,301.61
CUST00484,2024-09-01,paid_search,Basic,159.19
CUST00485,2024-09-01,paid_social,Basic,229.3
CUST00486,2024-09-01,organic_referral,Plus,81.88
CUST00487,2024-09-01,content_seo,Premium,93.49
CUST00488,2024-09-01,paid_social,Basic,293.49
CUST00489,2024-09-01,paid_social,Basic,241.71
CUST00490,2024-09-01,paid_search,Basic,251.18
CUST00491,2024-09-01,content_seo,Premium,164.08
CUST00492,2024-09-01,paid_social,Plus,313.2
CUST00493,2024-09-01,paid_social,Basic,267.62
CUST00494,2024-09-01,paid_social,Basic,245.08
CUST00495,2024-09-01,organic_referral,Basic,67.68
CUST00496,2024-09-01,content_seo,Plus,149.43
CUST00497,2024-09-01,content_seo,Basic,123.21
CUST00498,2024-09-01,organic_referral,Plus,48.44
CUST00499,2024-09-01,paid_social,Plus,254.0
CUST00500,2024-09-01,paid_search,Premium,164.56
CUST00501,2024-09-01,organic_referral,Basic,55.63
CUST00502,2024-09-01,paid_social,Basic,313.21
CUST00503,2024-09-01,paid_social,Basic,319.95
CUST00504,2024-09-01,content_seo,Plus,148.92
CUST00505,2024-09-01,organic_referral,Basic,66.99
CUST00506,2024-09-01,content_seo,Plus,163.7
CUST00507,2024-09-01,paid_social,Basic,220.1
CUST00508,2024-09-01,content_seo,Premium,155.26
CUST00509,2024-09-01,organic_referral,Plus,84.68
CUST00510,2024-09-01,paid_social,Premium,222.62
CUST00511,2024-09-01,paid_social,Plus,190.01
CUST00512,2024-09-01,organic_referral,Plus,62.17
CUST00513,2024-09-01,organic_referral,Basic,81.18
CUST00514,2024-09-01,organic_referral,Basic,62.44
CUST00515,2024-09-01,paid_social,Basic,324.69
CUST00516,2024-09-01,organic_referral,Plus,69.64
CUST00517,2024-09-01,paid_search,Basic,165.06
CUST00518,2024-09-01,paid_social,Plus,261.62
CUST00519,2024-09-01,content_seo,Premium,107.82
CUST00520,2024-09-01,paid_search,Premium,245.49
CUST00521,2024-09-01,organic_referral,Basic,77.6
CUST00522,2024-09-01,content_seo,Plus,147.38
CUST00523,2024-09-01,paid_search,Basic,192.9
CUST00524,2024-09-01,content_seo,Plus,129.92
CUST00525,2024-09-01,paid_social,Basic,315.82
CUST00526,2024-10-01,organic_referral,Basic,65.03
CUST00527,2024-10-01,paid_search,Basic,179.04
CUST00528,2024-10-01,paid_social,Plus,236.08
CUST00529,2024-10-01,content_seo,Premium,161.25
CUST00530,2024-10-01,content_seo,Plus,109.62
CUST00531,2024-10-01,organic_referral,Plus,70.47
CUST00532,2024-10-01,organic_referral,Basic,60.79
CUST00533,2024-10-01,content_seo,Plus,124.36
CUST00534,2024-10-01,organic_referral,Basic,83.43
CUST00535,2024-10-01,paid_search,Premium,219.21
CUST00536,2024-10-01,organic_referral,Basic,68.72
CUST00537,2024-10-01,content_seo,Basic,171.83
CUST00538,2024-10-01,content_seo,Premium,110.69
CUST00539,2024-10-01,organic_referral,Basic,57.02
CUST00540,2024-10-01,organic_referral,Plus,71.15
CUST00541,2024-10-01,paid_search,Basic,271.24
CUST00542,2024-10-01,organic_referral,Premium,68.05
CUST00543,2024-10-01,paid_social,Basic,280.26
CUST00544,2024-10-01,paid_social,Basic,206.99
CUST00545,2024-10-01,organic_referral,Basic,93.54
CUST00546,2024-10-01,content_seo,Basic,156.5
CUST00547,2024-10-01,content_seo,Premium,145.9
CUST00548,2024-10-01,paid_social,Basic,208.97
CUST00549,2024-10-01,content_seo,Premium,147.17
CUST00550,2024-10-01,organic_referral,Premium,66.9
CUST00551,2024-10-01,organic_referral,Basic,57.07
CUST00552,2024-10-01,paid_social,Basic,246.46
CUST00553,2024-10-01,paid_search,Basic,158.07
CUST00554,2024-10-01,organic_referral,Basic,93.84
CUST00555,2024-10-01,organic_referral,Plus,66.46
CUST00556,2024-10-01,paid_social,Plus,278.83
CUST00557,2024-10-01,content_seo,Premium,150.94
CUST00558,2024-10-01,organic_referral,Plus,64.54
CUST00559,2024-10-01,paid_social,Basic,242.32
CUST00560,2024-10-01,content_seo,Plus,172.87
CUST00561,2024-10-01,paid_social,Plus,292.42
CUST00562,2024-10-01,organic_referral,Basic,66.67
CUST00563,2024-10-01,organic_referral,Plus,87.16
CUST00564,2024-10-01,paid_social,Plus,247.53
CUST00565,2024-10-01,paid_social,Basic,269.01
CUST00566,2024-10-01,paid_search,Basic,209.41
CUST00567,2024-10-01,content_seo,Plus,172.32
CUST00568,2024-10-01,content_seo,Plus,134.53
CUST00569,2024-10-01,paid_search,Basic,183.03
CUST00570,2024-10-01,paid_social,Basic,325.15
CUST00571,2024-10-01,paid_social,Basic,390.71
CUST00572,2024-10-01,paid_search,Plus,202.11
CUST00573,2024-10-01,organic_referral,Plus,53.34
CUST00574,2024-10-01,content_seo,Plus,123.57
CUST00575,2024-10-01,content_seo,Basic,146.39
CUST00576,2024-10-01,organic_referral,Basic,77.63
CUST00577,2024-10-01,paid_social,Basic,412.38
CUST00578,2024-10-01,organic_referral,Plus,60.34
CUST00579,2024-10-01,organic_referral,Basic,66.08
CUST00580,2024-10-01,paid_social,Basic,368.24
CUST00581,2024-10-01,organic_referral,Basic,69.45
CUST00582,2024-10-01,content_seo,Plus,155.27
CUST00583,2024-10-01,paid_search,Basic,243.87
CUST00584,2024-10-01,content_seo,Plus,152.39
CUST00585,2024-10-01,organic_referral,Basic,50.25
CUST00586,2024-10-01,organic_referral,Premium,83.19
CUST00587,2024-10-01,organic_referral,Basic,41.12
CUST00588,2024-10-01,organic_referral,Basic,80.23
CUST00589,2024-10-01,paid_search,Plus,199.76
CUST00590,2024-10-01,paid_social,Plus,287.97
CUST00591,2024-10-01,organic_referral,Plus,60.11
CUST00592,2024-10-01,content_seo,Premium,146.3
CUST00593,2024-10-01,paid_social,Basic,282.28
CUST00594,2024-10-01,organic_referral,Plus,71.64
CUST00595,2024-10-01,organic_referral,Plus,58.86
CUST00596,2024-10-01,content_seo,Premium,101.98
CUST00597,2024-10-01,content_seo,Premium,149.99
CUST00598,2024-10-01,organic_referral,Premium,79.41
CUST00599,2024-10-01,paid_search,Basic,140.78
CUST00600,2024-10-01,paid_search,Basic,199.79
CUST00601,2024-10-01,content_seo,Premium,138.45
CUST00602,2024-10-01,organic_referral,Plus,78.99
CUST00603,2024-10-01,organic_referral,Premium,61.09
CUST00604,2024-10-01,paid_search,Basic,223.08
CUST00605,2024-10-01,paid_social,Plus,325.78
CUST00606,2024-10-01,content_seo,Plus,166.84
CUST00607,2024-10-01,content_seo,Premium,188.97
CUST00608,2024-10-01,organic_referral,Plus,61.6
CUST00609,2024-10-01,content_seo,Plus,151.44
CUST00610,2024-10-01,paid_search,Plus,212.44
CUST00611,2024-10-01,content_seo,Plus,152.2
CUST00612,2024-10-01,paid_social,Plus,289.65
CUST00613,2024-10-01,paid_search,Basic,172.98
CUST00614,2024-10-01,paid_social,Basic,300.44
CUST00615,2024-10-01,content_seo,Plus,112.57
CUST00616,2024-10-01,content_seo,Premium,99.06
CUST00617,2024-10-01,content_seo,Basic,122.04
CUST00618,2024-10-01,organic_referral,Basic,74.92
CUST00619,2024-10-01,organic_referral,Basic,68.47
CUST00620,2024-10-01,organic_referral,Basic,75.08
CUST00621,2024-10-01,paid_social,Basic,272.32
CUST00622,2024-10-01,paid_social,Basic,341.75
CUST00623,2024-10-01,paid_social,Basic,244.12
CUST00624,2024-10-01,paid_social,Basic,256.62
CUST00625,2024-10-01,content_seo,Premium,175.6
CUST00626,2024-10-01,paid_search,Basic,204.72
CUST00627,2024-10-01,organic_referral,Plus,75.18
CUST00628,2024-10-01,content_seo,Basic,155.89
CUST00629,2024-10-01,content_seo,Premium,135.95
CUST00630,2024-10-01,paid_social,Premium,252.23
CUST00631,2024-10-01,organic_referral,Basic,37.57
CUST00632,2024-10-01,content_seo,Plus,195.22
CUST00633,2024-10-01,paid_search,Basic,151.22
CUST00634,2024-10-01,content_seo,Premium,185.55
CUST00635,2024-10-01,paid_search,Plus,203.04
CUST00636,2024-10-01,paid_search,Plus,208.0
CUST00637,2024-10-01,paid_social,Plus,307.99
CUST00638,2024-10-01,content_seo,Basic,163.57
CUST00639,2024-10-01,paid_social,Basic,268.67
CUST00640,2024-10-01,paid_search,Basic,135.32
CUST00641,2024-10-01,organic_referral,Basic,56.28
CUST00642,2024-10-01,paid_social,Basic,318.12
CUST00643,2024-11-01,content_seo,Plus,90.0
CUST00644,2024-11-01,paid_search,Premium,185.66
CUST00645,2024-11-01,organic_referral,Basic,57.6
CUST00646,2024-11-01,paid_search,Basic,188.09
CUST00647,2024-11-01,organic_referral,Plus,76.05
CUST00648,2024-11-01,paid_search,Plus,229.9
CUST00649,2024-11-01,paid_search,Basic,208.84
CUST00650,2024-11-01,organic_referral,Plus,74.9
CUST00651,2024-11-01,content_seo,Plus,130.91
CUST00652,2024-11-01,paid_search,Plus,170.17
CUST00653,2024-11-01,paid_search,Premium,214.94
CUST00654,2024-11-01,paid_search,Basic,166.31
CUST00655,2024-11-01,paid_social,Basic,251.01
CUST00656,2024-11-01,organic_referral,Plus,107.86
CUST00657,2024-11-01,content_seo,Premium,151.34
CUST00658,2024-11-01,content_seo,Plus,137.68
CUST00659,2024-11-01,content_seo,Premium,134.93
CUST00660,2024-11-01,paid_social,Basic,242.12
CUST00661,2024-11-01,paid_social,Basic,310.91
CUST00662,2024-11-01,organic_referral,Basic,60.36
CUST00663,2024-11-01,content_seo,Basic,174.11
CUST00664,2024-11-01,organic_referral,Basic,72.96
CUST00665,2024-11-01,content_seo,Basic,141.45
CUST00666,2024-11-01,content_seo,Plus,100.56
CUST00667,2024-11-01,paid_social,Basic,302.26
CUST00668,2024-11-01,paid_social,Basic,298.62
CUST00669,2024-11-01,paid_social,Basic,213.76
CUST00670,2024-11-01,paid_search,Basic,212.22
CUST00671,2024-11-01,content_seo,Premium,121.16
CUST00672,2024-11-01,paid_social,Plus,340.9
CUST00673,2024-11-01,organic_referral,Plus,63.57
CUST00674,2024-11-01,organic_referral,Plus,55.56
CUST00675,2024-11-01,paid_social,Plus,307.8
CUST00676,2024-11-01,paid_search,Plus,203.96
CUST00677,2024-11-01,content_seo,Premium,152.36
CUST00678,2024-11-01,organic_referral,Premium,78.06
CUST00679,2024-11-01,paid_search,Premium,145.76
CUST00680,2024-11-01,paid_social,Basic,310.27
CUST00681,2024-11-01,paid_search,Basic,178.59
CUST00682,2024-11-01,organic_referral,Plus,60.8
CUST00683,2024-11-01,content_seo,Premium,185.02
CUST00684,2024-11-01,paid_search,Basic,176.06
CUST00685,2024-11-01,organic_referral,Basic,70.86
CUST00686,2024-11-01,content_seo,Plus,172.78
CUST00687,2024-11-01,paid_search,Plus,214.68
CUST00688,2024-11-01,organic_referral,Basic,65.94
CUST00689,2024-11-01,organic_referral,Basic,68.23
CUST00690,2024-11-01,content_seo,Plus,163.88
CUST00691,2024-11-01,paid_social,Basic,267.63
CUST00692,2024-11-01,organic_referral,Basic,64.58
CUST00693,2024-11-01,paid_social,Basic,388.26
CUST00694,2024-11-01,content_seo,Premium,160.56
CUST00695,2024-11-01,organic_referral,Premium,66.47
CUST00696,2024-11-01,paid_social,Premium,284.88
CUST00697,2024-11-01,content_seo,Basic,130.03
CUST00698,2024-11-01,paid_social,Basic,309.96
CUST00699,2024-11-01,content_seo,Plus,157.98
CUST00700,2024-11-01,paid_social,Plus,296.2
CUST00701,2024-11-01,paid_search,Plus,281.12
CUST00702,2024-11-01,content_seo,Basic,132.01
CUST00703,2024-11-01,organic_referral,Plus,50.86
CUST00704,2024-11-01,paid_search,Plus,189.07
CUST00705,2024-11-01,paid_social,Plus,297.46
CUST00706,2024-11-01,organic_referral,Premium,52.3
CUST00707,2024-11-01,organic_referral,Basic,68.36
CUST00708,2024-11-01,content_seo,Plus,158.31
CUST00709,2024-11-01,organic_referral,Basic,75.16
CUST00710,2024-11-01,organic_referral,Basic,57.18
CUST00711,2024-11-01,organic_referral,Basic,84.52
CUST00712,2024-11-01,paid_social,Basic,324.2
CUST00713,2024-11-01,paid_social,Plus,412.51
CUST00714,2024-11-01,paid_social,Basic,270.46
CUST00715,2024-11-01,organic_referral,Basic,52.24
CUST00716,2024-11-01,organic_referral,Basic,60.51
CUST00717,2024-11-01,content_seo,Plus,158.38
CUST00718,2024-11-01,paid_social,Basic,319.24
CUST00719,2024-11-01,content_seo,Plus,165.08
CUST00720,2024-11-01,organic_referral,Plus,96.82
CUST00721,2024-11-01,organic_referral,Premium,37.06
CUST00722,2024-11-01,organic_referral,Premium,38.89
CUST00723,2024-11-01,paid_social,Basic,295.13
CUST00724,2024-11-01,paid_social,Basic,380.44
CUST00725,2024-11-01,content_seo,Basic,168.15
CUST00726,2024-11-01,paid_social,Basic,260.03
CUST00727,2024-11-01,paid_social,Basic,306.92
CUST00728,2024-11-01,paid_social,Basic,292.79
CUST00729,2024-11-01,organic_referral,Basic,61.77
CUST00730,2024-11-01,paid_social,Plus,278.42
CUST00731,2024-11-01,paid_social,Basic,303.63
CUST00732,2024-11-01,paid_social,Basic,343.23
CUST00733,2024-11-01,organic_referral,Plus,58.16
CUST00734,2024-11-01,content_seo,Plus,165.27
CUST00735,2024-11-01,paid_search,Premium,223.71
CUST00736,2024-11-01,organic_referral,Basic,84.38
CUST00737,2024-11-01,content_seo,Basic,128.34
CUST00738,2024-11-01,content_seo,Plus,150.28
CUST00739,2024-11-01,organic_referral,Premium,55.26
CUST00740,2024-11-01,content_seo,Plus,152.32
CUST00741,2024-11-01,content_seo,Premium,152.15
CUST00742,2024-11-01,paid_search,Basic,167.01
CUST00743,2024-11-01,paid_search,Basic,204.53
CUST00744,2024-11-01,organic_referral,Plus,97.79
CUST00745,2024-11-01,paid_social,Basic,319.4
CUST00746,2024-11-01,paid_social,Plus,248.52
CUST00747,2024-11-01,organic_referral,Basic,51.15
CUST00748,2024-11-01,paid_social,Plus,298.44
CUST00749,2024-11-01,paid_search,Basic,172.92
CUST00750,2024-11-01,organic_referral,Plus,83.44
CUST00751,2024-11-01,paid_social,Basic,244.25
CUST00752,2024-11-01,content_seo,Basic,162.31
CUST00753,2024-11-01,paid_social,Basic,236.71
CUST00754,2024-11-01,paid_social,Plus,297.81
CUST00755,2024-11-01,paid_search,Plus,168.9
CUST00756,2024-11-01,paid_social,Basic,327.01
CUST00757,2024-11-01,organic_referral,Basic,80.51
CUST00758,2024-11-01,organic_referral,Basic,69.98
CUST00759,2024-11-01,paid_search,Premium,232.54
CUST00760,2024-11-01,organic_referral,Basic,29.34
CUST00761,2024-11-01,paid_social,Basic,305.53
CUST00762,2024-11-01,organic_referral,Basic,72.16
CUST00763,2024-11-01,paid_social,Plus,324.34
CUST00764,2024-11-01,paid_search,Premium,144.61
CUST00765,2024-11-01,paid_social,Basic,316.65
CUST00766,2024-11-01,paid_search,Basic,218.94
CUST00767,2024-11-01,organic_referral,Premium,66.9
CUST00768,2024-11-01,paid_social,Basic,248.88
CUST00769,2024-11-01,paid_search,Plus,183.6
CUST00770,2024-11-01,paid_social,Basic,349.41
CUST00771,2024-11-01,organic_referral,Basic,81.57
CUST00772,2024-12-01,paid_social,Basic,362.0
CUST00773,2024-12-01,content_seo,Basic,152.52
CUST00774,2024-12-01,paid_search,Premium,263.21
CUST00775,2024-12-01,paid_social,Basic,299.33
CUST00776,2024-12-01,paid_social,Basic,239.11
CUST00777,2024-12-01,organic_referral,Basic,49.73
CUST00778,2024-12-01,organic_referral,Plus,61.36
CUST00779,2024-12-01,organic_referral,Basic,50.25
CUST00780,2024-12-01,content_seo,Premium,174.89
CUST00781,2024-12-01,organic_referral,Plus,66.05
CUST00782,2024-12-01,content_seo,Basic,125.71
CUST00783,2024-12-01,organic_referral,Basic,77.29
CUST00784,2024-12-01,paid_search,Plus,188.72
CUST00785,2024-12-01,content_seo,Premium,169.22
CUST00786,2024-12-01,organic_referral,Basic,56.97
CUST00787,2024-12-01,organic_referral,Premium,73.12
CUST00788,2024-12-01,organic_referral,Plus,58.84
CUST00789,2024-12-01,paid_search,Plus,229.88
CUST00790,2024-12-01,organic_referral,Basic,37.36
CUST00791,2024-12-01,paid_social,Plus,249.62
CUST00792,2024-12-01,paid_social,Basic,293.82
CUST00793,2024-12-01,content_seo,Basic,132.43
CUST00794,2024-12-01,paid_social,Basic,282.38
CUST00795,2024-12-01,paid_social,Basic,326.48
CUST00796,2024-12-01,paid_search,Basic,186.17
CUST00797,2024-12-01,organic_referral,Premium,69.92
CUST00798,2024-12-01,content_seo,Plus,127.31
CUST00799,2024-12-01,organic_referral,Plus,34.53
CUST00800,2024-12-01,paid_social,Basic,330.49
CUST00801,2024-12-01,paid_search,Plus,254.5
CUST00802,2024-12-01,content_seo,Plus,155.44
CUST00803,2024-12-01,content_seo,Plus,147.49
CUST00804,2024-12-01,organic_referral,Basic,66.61
CUST00805,2024-12-01,paid_social,Basic,355.11
CUST00806,2024-12-01,paid_social,Basic,309.19
CUST00807,2024-12-01,paid_social,Basic,332.61
CUST00808,2024-12-01,paid_social,Basic,330.64
CUST00809,2024-12-01,paid_social,Basic,343.63
CUST00810,2024-12-01,paid_social,Premium,295.12
CUST00811,2024-12-01,organic_referral,Plus,56.78
CUST00812,2024-12-01,paid_social,Basic,322.12
CUST00813,2024-12-01,organic_referral,Basic,80.13
CUST00814,2024-12-01,paid_search,Plus,236.53
CUST00815,2024-12-01,content_seo,Plus,188.04
CUST00816,2024-12-01,organic_referral,Basic,78.58
CUST00817,2024-12-01,content_seo,Basic,134.96
CUST00818,2024-12-01,content_seo,Premium,155.41
CUST00819,2024-12-01,organic_referral,Plus,66.86
CUST00820,2024-12-01,organic_referral,Plus,65.16
CUST00821,2024-12-01,organic_referral,Plus,73.33
CUST00822,2024-12-01,organic_referral,Premium,61.77
CUST00823,2024-12-01,content_seo,Premium,144.66
CUST00824,2024-12-01,paid_search,Basic,256.79
CUST00825,2024-12-01,organic_referral,Basic,63.95
CUST00826,2024-12-01,content_seo,Basic,177.06
CUST00827,2024-12-01,organic_referral,Basic,82.22
CUST00828,2024-12-01,paid_social,Plus,309.79
CUST00829,2024-12-01,content_seo,Basic,145.63
CUST00830,2024-12-01,paid_social,Plus,265.2
CUST00831,2024-12-01,organic_referral,Basic,40.67
CUST00832,2024-12-01,paid_social,Premium,325.25
CUST00833,2024-12-01,paid_search,Plus,212.23
CUST00834,2024-12-01,organic_referral,Plus,76.81
CUST00835,2024-12-01,organic_referral,Basic,57.69
CUST00836,2024-12-01,organic_referral,Basic,95.31
CUST00837,2024-12-01,paid_social,Basic,319.99
CUST00838,2024-12-01,paid_social,Plus,295.67
CUST00839,2024-12-01,content_seo,Premium,97.87
CUST00840,2024-12-01,content_seo,Plus,140.5
CUST00841,2024-12-01,paid_search,Premium,225.19
CUST00842,2024-12-01,content_seo,Premium,187.25
CUST00843,2024-12-01,organic_referral,Premium,65.69
CUST00844,2024-12-01,paid_social,Plus,367.3
CUST00845,2024-12-01,organic_referral,Basic,50.88
CUST00846,2024-12-01,paid_social,Basic,317.58
CUST00847,2024-12-01,paid_search,Basic,214.08
CUST00848,2024-12-01,content_seo,Plus,166.0
CUST00849,2024-12-01,paid_search,Plus,205.49
CUST00850,2024-12-01,paid_social,Basic,315.25
CUST00851,2024-12-01,paid_social,Basic,261.45
CUST00852,2024-12-01,paid_social,Basic,354.89
CUST00853,2024-12-01,organic_referral,Plus,79.52
CUST00854,2024-12-01,organic_referral,Premium,70.1
CUST00855,2024-12-01,paid_social,Plus,339.77
CUST00856,2024-12-01,organic_referral,Plus,86.15
CUST00857,2024-12-01,paid_search,Premium,218.73
CUST00858,2024-12-01,organic_referral,Basic,97.38
CUST00859,2024-12-01,organic_referral,Plus,75.69
CUST00860,2024-12-01,content_seo,Premium,129.43
CUST00861,2024-12-01,organic_referral,Plus,69.3
CUST00862,2024-12-01,paid_search,Basic,231.15
CUST00863,2024-12-01,content_seo,Plus,185.28
CUST00864,2024-12-01,organic_referral,Basic,68.07
CUST00865,2024-12-01,content_seo,Premium,127.56
CUST00866,2024-12-01,content_seo,Basic,145.09
CUST00867,2024-12-01,content_seo,Plus,116.73
CUST00868,2024-12-01,content_seo,Plus,170.59
CUST00869,2024-12-01,content_seo,Plus,140.19
CUST00870,2024-12-01,paid_social,Basic,272.84
CUST00871,2024-12-01,paid_social,Plus,337.22
CUST00872,2024-12-01,content_seo,Plus,191.43
CUST00873,2024-12-01,paid_search,Premium,179.51
CUST00874,2024-12-01,paid_social,Basic,308.46
CUST00875,2024-12-01,content_seo,Premium,146.12
CUST00876,2024-12-01,paid_social,Plus,358.65
CUST00877,2024-12-01,content_seo,Plus,148.94
CUST00878,2024-12-01,paid_search,Basic,170.41
CUST00879,2024-12-01,organic_referral,Premium,65.08
CUST00880,2024-12-01,organic_referral,Basic,83.11
CUST00881,2024-12-01,paid_social,Plus,291.44
CUST00882,2024-12-01,paid_social,Basic,276.59
CUST00883,2024-12-01,paid_social,Plus,296.48
CUST00884,2024-12-01,organic_referral,Basic,50.65
CUST00885,2024-12-01,paid_social,Basic,293.74
CUST00886,2024-12-01,paid_social,Basic,279.45
CUST00887,2024-12-01,paid_social,Basic,395.71
CUST00888,2024-12-01,content_seo,Premium,102.55
CUST00889,2024-12-01,content_seo,Plus,129.33
CUST00890,2024-12-01,content_seo,Basic,135.35
CUST00891,2024-12-01,content_seo,Plus,126.24
CUST00892,2024-12-01,content_seo,Plus,161.25
CUST00893,2024-12-01,paid_social,Basic,272.0
CUST00894,2024-12-01,content_seo,Premium,114.28
CUST00895,2024-12-01,organic_referral,Basic,66.78
CUST00896,2024-12-01,organic_referral,Basic,60.93
CUST00897,2024-12-01,paid_social,Basic,273.77
CUST00898,2024-12-01,paid_search,Basic,243.08
CUST00899,2024-12-01,content_seo,Basic,162.13
CUST00900,2024-12-01,organic_referral,Plus,70.48
CUST00901,2024-12-01,paid_social,Basic,320.35
CUST00902,2024-12-01,organic_referral,Basic,71.81
CUST00903,2024-12-01,content_seo,Plus,144.46
CUST00904,2024-12-01,content_seo,Basic,132.75
CUST00905,2024-12-01,paid_social,Basic,305.65
CUST00906,2024-12-01,paid_social,Basic,290.41
CUST00907,2024-12-01,paid_social,Plus,223.61
CUST00908,2024-12-01,paid_social,Plus,258.72
CUST00909,2024-12-01,paid_search,Premium,189.03
CUST00910,2024-12-01,content_seo,Plus,173.86
CUST00911,2024-12-01,paid_social,Plus,305.83
CUST00912,2025-01-01,paid_search,Plus,223.59
CUST00913,2025-01-01,organic_referral,Basic,62.67
CUST00914,2025-01-01,paid_social,Basic,354.74
CUST00915,2025-01-01,organic_referral,Premium,52.67
CUST00916,2025-01-01,paid_search,Basic,198.17
CUST00917,2025-01-01,paid_social,Basic,286.42
CUST00918,2025-01-01,content_seo,Plus,113.28
CUST00919,2025-01-01,content_seo,Plus,130.41
CUST00920,2025-01-01,paid_search,Plus,167.42
CUST00921,2025-01-01,organic_referral,Plus,72.65
CUST00922,2025-01-01,content_seo,Plus,151.61
CUST00923,2025-01-01,paid_search,Basic,144.69
CUST00924,2025-01-01,organic_referral,Basic,48.9
CUST00925,2025-01-01,content_seo,Premium,152.92
CUST00926,2025-01-01,paid_social,Plus,247.11
CUST00927,2025-01-01,content_seo,Plus,129.22
CUST00928,2025-01-01,paid_social,Basic,312.22
CUST00929,2025-01-01,organic_referral,Premium,76.29
CUST00930,2025-01-01,organic_referral,Basic,64.97
CUST00931,2025-01-01,organic_referral,Basic,72.67
CUST00932,2025-01-01,organic_referral,Plus,59.04
CUST00933,2025-01-01,content_seo,Basic,129.56
CUST00934,2025-01-01,paid_social,Basic,296.24
CUST00935,2025-01-01,organic_referral,Plus,55.43
CUST00936,2025-01-01,content_seo,Basic,133.44
CUST00937,2025-01-01,content_seo,Plus,174.47
CUST00938,2025-01-01,paid_social,Basic,265.49
CUST00939,2025-01-01,paid_search,Plus,183.19
CUST00940,2025-01-01,paid_social,Basic,340.85
CUST00941,2025-01-01,content_seo,Basic,139.78
CUST00942,2025-01-01,organic_referral,Plus,82.14
CUST00943,2025-01-01,content_seo,Plus,120.02
CUST00944,2025-01-01,paid_search,Plus,185.45
CUST00945,2025-01-01,content_seo,Plus,149.97
CUST00946,2025-01-01,paid_social,Basic,314.29
CUST00947,2025-01-01,content_seo,Basic,189.4
CUST00948,2025-01-01,paid_social,Basic,259.21
CUST00949,2025-01-01,content_seo,Basic,131.95
CUST00950,2025-01-01,content_seo,Premium,118.18
CUST00951,2025-01-01,paid_search,Basic,179.71
CUST00952,2025-01-01,paid_social,Basic,332.03
CUST00953,2025-01-01,organic_referral,Plus,44.74
CUST00954,2025-01-01,paid_social,Premium,270.16
CUST00955,2025-01-01,organic_referral,Plus,82.67
CUST00956,2025-01-01,organic_referral,Basic,53.67
CUST00957,2025-01-01,paid_social,Basic,229.32
CUST00958,2025-01-01,content_seo,Plus,139.97
CUST00959,2025-01-01,organic_referral,Basic,89.64
CUST00960,2025-01-01,organic_referral,Basic,65.37
CUST00961,2025-01-01,organic_referral,Plus,63.02
CUST00962,2025-01-01,paid_search,Basic,248.0
CUST00963,2025-01-01,content_seo,Premium,168.15
CUST00964,2025-01-01,organic_referral,Basic,47.45
CUST00965,2025-01-01,organic_referral,Plus,60.58
CUST00966,2025-01-01,paid_social,Basic,214.87
CUST00967,2025-01-01,organic_referral,Basic,72.97
CUST00968,2025-01-01,paid_social,Plus,307.37
CUST00969,2025-01-01,paid_social,Basic,249.24
CUST00970,2025-01-01,paid_search,Basic,209.13
CUST00971,2025-01-01,organic_referral,Basic,65.42
CUST00972,2025-01-01,content_seo,Premium,185.25
CUST00973,2025-01-01,organic_referral,Basic,95.47
CUST00974,2025-01-01,paid_search,Plus,230.84
CUST00975,2025-01-01,paid_search,Premium,199.08
CUST00976,2025-01-01,content_seo,Plus,152.98
CUST00977,2025-01-01,paid_social,Basic,268.63
CUST00978,2025-01-01,organic_referral,Basic,55.85
CUST00979,2025-01-01,content_seo,Basic,147.76
CUST00980,2025-01-01,content_seo,Premium,145.11
CUST00981,2025-01-01,organic_referral,Basic,45.18
CUST00982,2025-01-01,paid_social,Basic,356.89
CUST00983,2025-01-01,paid_social,Basic,363.44
CUST00984,2025-01-01,content_seo,Plus,184.59
CUST00985,2025-01-01,content_seo,Premium,190.69
CUST00986,2025-01-01,content_seo,Plus,209.76
CUST00987,2025-01-01,content_seo,Basic,130.84
CUST00988,2025-01-01,organic_referral,Basic,99.97
CUST00989,2025-01-01,paid_social,Premium,286.64
CUST00990,2025-01-01,organic_referral,Plus,75.32
CUST00991,2025-01-01,content_seo,Premium,111.3
CUST00992,2025-01-01,paid_social,Basic,281.5
CUST00993,2025-01-01,paid_social,Basic,342.41
CUST00994,2025-01-01,organic_referral,Basic,76.09
CUST00995,2025-01-01,organic_referral,Plus,59.7
CUST00996,2025-01-01,paid_social,Basic,304.75
CUST00997,2025-01-01,organic_referral,Basic,56.5
CUST00998,2025-01-01,organic_referral,Premium,80.86
CUST00999,2025-01-01,content_seo,Premium,98.88
CUST01000,2025-01-01,paid_social,Basic,360.05
CUST01001,2025-01-01,paid_social,Basic,269.51
CUST01002,2025-01-01,paid_social,Premium,300.53
CUST01003,2025-01-01,content_seo,Premium,116.04
CUST01004,2025-01-01,paid_social,Basic,310.92
CUST01005,2025-01-01,content_seo,Plus,164.3
CUST01006,2025-01-01,paid_search,Basic,210.71
CUST01007,2025-01-01,content_seo,Plus,162.17
CUST01008,2025-01-01,paid_social,Plus,296.16
CUST01009,2025-01-01,content_seo,Plus,148.2
CUST01010,2025-01-01,paid_social,Basic,295.24
CUST01011,2025-01-01,paid_social,Basic,280.31
CUST01012,2025-01-01,paid_social,Basic,285.06
CUST01013,2025-01-01,paid_social,Basic,320.91
CUST01014,2025-01-01,organic_referral,Basic,86.35
CUST01015,2025-01-01,paid_social,Basic,262.63
CUST01016,2025-01-01,organic_referral,Plus,63.86
CUST01017,2025-01-01,paid_social,Basic,254.47
CUST01018,2025-01-01,paid_social,Basic,281.02
CUST01019,2025-01-01,paid_search,Plus,190.53
CUST01020,2025-01-01,organic_referral,Plus,67.99
CUST01021,2025-01-01,content_seo,Premium,154.26
CUST01022,2025-01-01,paid_social,Basic,300.17
CUST01023,2025-01-01,organic_referral,Premium,71.53
CUST01024,2025-01-01,organic_referral,Plus,52.32
CUST01025,2025-01-01,organic_referral,Plus,68.12
CUST01026,2025-01-01,organic_referral,Premium,76.56
CUST01027,2025-01-01,organic_referral,Basic,52.14
CUST01028,2025-01-01,paid_social,Basic,230.99
CUST01029,2025-01-01,paid_social,Basic,341.92
CUST01030,2025-01-01,organic_referral,Basic,48.37
CUST01031,2025-01-01,organic_referral,Premium,57.16
CUST01032,2025-01-01,organic_referral,Premium,76.09
CUST01033,2025-01-01,paid_social,Basic,263.79
CUST01034,2025-01-01,paid_social,Basic,338.78
CUST01035,2025-01-01,paid_social,Basic,273.4
CUST01036,2025-01-01,organic_referral,Basic,53.24
CUST01037,2025-01-01,organic_referral,Premium,47.99
CUST01038,2025-01-01,paid_search,Plus,180.31
CUST01039,2025-01-01,organic_referral,Plus,73.87
CUST01040,2025-01-01,organic_referral,Premium,57.17
CUST01041,2025-01-01,organic_referral,Basic,80.79
CUST01042,2025-01-01,paid_search,Premium,201.34
CUST01043,2025-01-01,content_seo,Plus,153.29
CUST01044,2025-01-01,content_seo,Basic,129.68
CUST01045,2025-01-01,paid_search,Plus,236.46
CUST01046,2025-01-01,organic_referral,Basic,76.69
CUST01047,2025-01-01,paid_search,Basic,222.46
CUST01048,2025-01-01,organic_referral,Plus,62.7
CUST01049,2025-01-01,content_seo,Plus,118.78
CUST01050,2025-01-01,paid_social,Basic,307.42
CUST01051,2025-01-01,paid_social,Basic,321.84
CUST01052,2025-01-01,paid_search,Plus,216.7
CUST01053,2025-01-01,organic_referral,Premium,71.19
CUST01054,2025-01-01,paid_search,Premium,211.09
CUST01055,2025-01-01,paid_social,Basic,273.21
CUST01056,2025-01-01,content_seo,Basic,134.41
CUST01057,2025-01-01,paid_search,Basic,166.25
CUST01058,2025-01-01,organic_referral,Plus,80.99
CUST01059,2025-01-01,paid_search,Basic,259.17
CUST01060,2025-01-01,paid_social,Basic,421.27
CUST01061,2025-01-01,content_seo,Plus,156.38
CUST01062,2025-01-01,organic_referral,Plus,70.58
CUST01063,2025-01-01,paid_social,Plus,295.44
CUST01064,2025-02-01,organic_referral,Basic,74.71
CUST01065,2025-02-01,content_seo,Plus,153.46
CUST01066,2025-02-01,content_seo,Basic,171.58
CUST01067,2025-02-01,organic_referral,Premium,54.95
CUST01068,2025-02-01,content_seo,Basic,169.35
CUST01069,2025-02-01,paid_social,Basic,287.47
CUST01070,2025-02-01,paid_social,Plus,331.15
CUST01071,2025-02-01,organic_referral,Premium,69.26
CUST01072,2025-02-01,paid_social,Plus,302.57
CUST01073,2025-02-01,organic_referral,Basic,61.08
CUST01074,2025-02-01,organic_referral,Basic,64.48
CUST01075,2025-02-01,organic_referral,Basic,59.04
CUST01076,2025-02-01,paid_search,Basic,191.56
CUST01077,2025-02-01,organic_referral,Basic,72.32
CUST01078,2025-02-01,paid_social,Plus,234.88
CUST01079,2025-02-01,paid_social,Plus,330.56
CUST01080,2025-02-01,paid_search,Basic,223.46
CUST01081,2025-02-01,paid_social,Basic,290.71
CUST01082,2025-02-01,paid_search,Plus,205.33
CUST01083,2025-02-01,organic_referral,Premium,51.24
CUST01084,2025-02-01,organic_referral,Plus,71.3
CUST01085,2025-02-01,paid_social,Basic,267.77
CUST01086,2025-02-01,paid_social,Basic,191.85
CUST01087,2025-02-01,content_seo,Plus,181.5
CUST01088,2025-02-01,paid_search,Basic,169.41
CUST01089,2025-02-01,paid_social,Basic,297.76
CUST01090,2025-02-01,paid_search,Basic,206.47
CUST01091,2025-02-01,paid_social,Basic,319.43
CUST01092,2025-02-01,organic_referral,Basic,65.45
CUST01093,2025-02-01,paid_social,Plus,312.12
CUST01094,2025-02-01,organic_referral,Plus,61.17
CUST01095,2025-02-01,content_seo,Plus,113.07
CUST01096,2025-02-01,organic_referral,Basic,64.88
CUST01097,2025-02-01,paid_social,Plus,325.01
CUST01098,2025-02-01,paid_social,Plus,261.4
CUST01099,2025-02-01,organic_referral,Plus,68.39
CUST01100,2025-02-01,organic_referral,Plus,93.18
CUST01101,2025-02-01,content_seo,Plus,148.16
CUST01102,2025-02-01,organic_referral,Plus,64.65
CUST01103,2025-02-01,paid_social,Basic,238.03
CUST01104,2025-02-01,paid_social,Premium,257.05
CUST01105,2025-02-01,organic_referral,Basic,53.06
CUST01106,2025-02-01,organic_referral,Basic,73.76
CUST01107,2025-02-01,content_seo,Plus,127.4
CUST01108,2025-02-01,paid_search,Premium,144.25
CUST01109,2025-02-01,organic_referral,Plus,70.98
CUST01110,2025-02-01,paid_search,Plus,178.61
CUST01111,2025-02-01,paid_social,Basic,239.37
CUST01112,2025-02-01,content_seo,Premium,167.74
CUST01113,2025-02-01,content_seo,Premium,140.83
CUST01114,2025-02-01,content_seo,Plus,162.34
CUST01115,2025-02-01,content_seo,Basic,111.36
CUST01116,2025-02-01,paid_social,Basic,212.19
CUST01117,2025-02-01,paid_social,Plus,305.18
CUST01118,2025-02-01,paid_social,Plus,255.77
CUST01119,2025-02-01,organic_referral,Premium,66.73
CUST01120,2025-02-01,content_seo,Plus,153.42
CUST01121,2025-02-01,organic_referral,Plus,65.12
CUST01122,2025-02-01,organic_referral,Plus,80.96
CUST01123,2025-02-01,organic_referral,Plus,107.22
CUST01124,2025-02-01,organic_referral,Basic,70.71
CUST01125,2025-02-01,content_seo,Premium,196.93
CUST01126,2025-02-01,content_seo,Premium,109.87
CUST01127,2025-02-01,paid_social,Plus,286.36
CUST01128,2025-02-01,organic_referral,Basic,45.81
CUST01129,2025-02-01,paid_social,Plus,273.95
CUST01130,2025-02-01,paid_social,Plus,288.64
CUST01131,2025-02-01,content_seo,Plus,199.56
CUST01132,2025-02-01,paid_social,Basic,302.56
CUST01133,2025-02-01,paid_social,Basic,344.24
CUST01134,2025-02-01,paid_social,Basic,283.15
CUST01135,2025-02-01,paid_search,Basic,183.85
CUST01136,2025-02-01,content_seo,Basic,110.47
CUST01137,2025-02-01,paid_social,Plus,377.63
CUST01138,2025-02-01,paid_social,Basic,358.47
CUST01139,2025-02-01,organic_referral,Basic,68.54
CUST01140,2025-02-01,paid_search,Plus,193.17
CUST01141,2025-02-01,paid_social,Basic,304.07
CUST01142,2025-02-01,organic_referral,Basic,45.27
CUST01143,2025-02-01,paid_search,Premium,214.74
CUST01144,2025-02-01,content_seo,Premium,184.06
CUST01145,2025-02-01,organic_referral,Plus,86.32
CUST01146,2025-02-01,organic_referral,Plus,41.82
CUST01147,2025-02-01,organic_referral,Plus,81.43
CUST01148,2025-02-01,paid_social,Plus,247.64
CUST01149,2025-02-01,organic_referral,Plus,32.94
CUST01150,2025-02-01,paid_search,Plus,234.14
CUST01151,2025-02-01,paid_search,Basic,185.03
CUST01152,2025-02-01,paid_social,Plus,338.99
CUST01153,2025-02-01,content_seo,Plus,171.86
CUST01154,2025-02-01,organic_referral,Basic,75.99
CUST01155,2025-02-01,organic_referral,Basic,66.34
CUST01156,2025-02-01,content_seo,Plus,119.69
CUST01157,2025-02-01,organic_referral,Basic,60.77
CUST01158,2025-02-01,organic_referral,Basic,86.61
CUST01159,2025-02-01,paid_social,Basic,340.14
CUST01160,2025-02-01,organic_referral,Plus,61.53
CUST01161,2025-02-01,paid_social,Plus,290.26
CUST01162,2025-02-01,content_seo,Premium,165.9
CUST01163,2025-02-01,content_seo,Plus,154.04
CUST01164,2025-02-01,content_seo,Plus,145.47
CUST01165,2025-02-01,content_seo,Plus,163.65
CUST01166,2025-02-01,paid_social,Basic,320.43
CUST01167,2025-02-01,content_seo,Premium,134.36
CUST01168,2025-02-01,paid_social,Basic,314.27
CUST01169,2025-02-01,organic_referral,Basic,71.7
CUST01170,2025-02-01,paid_search,Basic,200.38
CUST01171,2025-02-01,organic_referral,Basic,54.09
CUST01172,2025-02-01,organic_referral,Basic,60.32
CUST01173,2025-02-01,organic_referral,Basic,51.19
CUST01174,2025-02-01,paid_social,Basic,315.39
CUST01175,2025-02-01,paid_social,Plus,238.39
CUST01176,2025-02-01,paid_social,Plus,362.45
CUST01177,2025-02-01,paid_search,Basic,239.21
CUST01178,2025-02-01,organic_referral,Premium,72.07
CUST01179,2025-02-01,paid_social,Basic,337.5
CUST01180,2025-02-01,paid_social,Plus,334.52
CUST01181,2025-02-01,content_seo,Plus,154.43
CUST01182,2025-02-01,organic_referral,Plus,62.69
CUST01183,2025-02-01,organic_referral,Basic,61.0
CUST01184,2025-02-01,paid_social,Premium,364.22
CUST01185,2025-02-01,content_seo,Plus,130.98
CUST01186,2025-02-01,content_seo,Basic,131.43
CUST01187,2025-02-01,paid_social,Basic,341.35
CUST01188,2025-02-01,content_seo,Plus,173.17
CUST01189,2025-02-01,paid_social,Basic,291.54
CUST01190,2025-02-01,organic_referral,Basic,73.72
CUST01191,2025-02-01,organic_referral,Plus,75.77
CUST01192,2025-02-01,organic_referral,Basic,46.16
CUST01193,2025-02-01,paid_social,Plus,355.25
CUST01194,2025-02-01,paid_social,Basic,328.69
CUST01195,2025-02-01,paid_social,Basic,319.62
CUST01196,2025-02-01,paid_social,Basic,329.03
CUST01197,2025-02-01,paid_social,Basic,314.53
CUST01198,2025-02-01,content_seo,Basic,148.87
CUST01199,2025-02-01,content_seo,Premium,102.55
CUST01200,2025-02-01,paid_social,Plus,307.44
CUST01201,2025-02-01,paid_social,Basic,246.5
CUST01202,2025-02-01,paid_social,Basic,382.18
CUST01203,2025-02-01,paid_social,Basic,297.53
CUST01204,2025-02-01,paid_social,Basic,381.29
CUST01205,2025-02-01,paid_social,Basic,308.13
CUST01206,2025-02-01,content_seo,Premium,136.32
CUST01207,2025-02-01,content_seo,Plus,183.68
CUST01208,2025-02-01,organic_referral,Basic,71.72
CUST01209,2025-02-01,paid_social,Basic,399.71
CUST01210,2025-02-01,paid_search,Plus,182.87
CUST01211,2025-02-01,organic_referral,Basic,85.94
CUST01212,2025-02-01,paid_search,Premium,272.53
CUST01213,2025-02-01,organic_referral,Basic,86.87
CUST01214,2025-02-01,paid_social,Basic,332.24
CUST01215,2025-02-01,paid_social,Basic,358.72
CUST01216,2025-02-01,organic_referral,Basic,64.42
CUST01217,2025-02-01,paid_search,Basic,177.04
CUST01218,2025-02-01,paid_social,Basic,281.46
CUST01219,2025-02-01,paid_search,Basic,203.98
CUST01220,2025-02-01,organic_referral,Plus,77.93
CUST01221,2025-02-01,paid_search,Basic,178.96
CUST01222,2025-02-01,paid_search,Plus,192.03
CUST01223,2025-02-01,paid_social,Plus,274.9
CUST01224,2025-02-01,organic_referral,Plus,80.78
CUST01225,2025-02-01,content_seo,Premium,200.55
CUST01226,2025-02-01,paid_social,Plus,262.96
CUST01227,2025-02-01,paid_search,Premium,218.92
CUST01228,2025-03-01,paid_search,Premium,209.03
CUST01229,2025-03-01,paid_social,Basic,194.99
CUST01230,2025-03-01,content_seo,Basic,153.98
CUST01231,2025-03-01,paid_social,Basic,316.14
CUST01232,2025-03-01,paid_search,Plus,190.85
CUST01233,2025-03-01,paid_social,Basic,290.18
CUST01234,2025-03-01,content_seo,Premium,139.4
CUST01235,2025-03-01,content_seo,Plus,148.43
CUST01236,2025-03-01,paid_search,Plus,246.81
CUST01237,2025-03-01,organic_referral,Premium,79.38
CUST01238,2025-03-01,content_seo,Plus,148.41
CUST01239,2025-03-01,content_seo,Plus,141.77
CUST01240,2025-03-01,paid_search,Plus,225.63
CUST01241,2025-03-01,paid_search,Basic,207.06
CUST01242,2025-03-01,paid_social,Basic,261.3
CUST01243,2025-03-01,paid_social,Basic,292.89
CUST01244,2025-03-01,organic_referral,Plus,86.47
CUST01245,2025-03-01,paid_search,Basic,217.34
CUST01246,2025-03-01,organic_referral,Plus,60.22
CUST01247,2025-03-01,content_seo,Plus,115.43
CUST01248,2025-03-01,content_seo,Plus,157.4
CUST01249,2025-03-01,paid_social,Basic,303.44
CUST01250,2025-03-01,organic_referral,Basic,63.59
CUST01251,2025-03-01,organic_referral,Basic,78.0
CUST01252,2025-03-01,paid_search,Basic,217.73
CUST01253,2025-03-01,paid_social,Basic,245.85
CUST01254,2025-03-01,organic_referral,Basic,66.37
CUST01255,2025-03-01,content_seo,Premium,121.27
CUST01256,2025-03-01,organic_referral,Basic,58.88
CUST01257,2025-03-01,paid_search,Premium,163.56
CUST01258,2025-03-01,paid_social,Basic,252.65
CUST01259,2025-03-01,organic_referral,Premium,39.26
CUST01260,2025-03-01,organic_referral,Basic,71.26
CUST01261,2025-03-01,paid_social,Basic,312.6
CUST01262,2025-03-01,paid_social,Plus,300.7
CUST01263,2025-03-01,content_seo,Plus,137.75
CUST01264,2025-03-01,paid_social,Basic,248.85
CUST01265,2025-03-01,paid_social,Basic,283.85
CUST01266,2025-03-01,organic_referral,Premium,69.79
CUST01267,2025-03-01,organic_referral,Plus,69.45
CUST01268,2025-03-01,paid_search,Basic,242.2
CUST01269,2025-03-01,organic_referral,Basic,83.54
CUST01270,2025-03-01,paid_search,Plus,201.68
CUST01271,2025-03-01,paid_social,Basic,283.46
CUST01272,2025-03-01,organic_referral,Plus,54.11
CUST01273,2025-03-01,organic_referral,Basic,43.8
CUST01274,2025-03-01,organic_referral,Basic,49.15
CUST01275,2025-03-01,content_seo,Premium,110.04
CUST01276,2025-03-01,paid_social,Premium,371.64
CUST01277,2025-03-01,paid_social,Basic,312.84
CUST01278,2025-03-01,content_seo,Basic,166.56
CUST01279,2025-03-01,content_seo,Basic,144.22
CUST01280,2025-03-01,paid_search,Basic,273.39
CUST01281,2025-03-01,paid_search,Plus,168.56
CUST01282,2025-03-01,content_seo,Premium,112.58
CUST01283,2025-03-01,content_seo,Plus,210.56
CUST01284,2025-03-01,content_seo,Plus,116.99
CUST01285,2025-03-01,paid_social,Basic,290.24
CUST01286,2025-03-01,content_seo,Plus,133.72
CUST01287,2025-03-01,organic_referral,Premium,70.93
CUST01288,2025-03-01,content_seo,Plus,142.1
CUST01289,2025-03-01,paid_search,Basic,219.97
CUST01290,2025-03-01,organic_referral,Basic,78.33
CUST01291,2025-03-01,content_seo,Basic,114.46
CUST01292,2025-03-01,paid_search,Basic,177.33
CUST01293,2025-03-01,organic_referral,Plus,76.33
CUST01294,2025-03-01,paid_social,Plus,343.97
CUST01295,2025-03-01,paid_search,Plus,206.26
CUST01296,2025-03-01,paid_search,Plus,214.09
CUST01297,2025-03-01,organic_referral,Plus,87.21
CUST01298,2025-03-01,paid_social,Basic,287.83
CUST01299,2025-03-01,content_seo,Plus,154.94
CUST01300,2025-03-01,organic_referral,Basic,83.56
CUST01301,2025-03-01,paid_social,Basic,352.32
CUST01302,2025-03-01,organic_referral,Basic,64.17
CUST01303,2025-03-01,organic_referral,Basic,54.1
CUST01304,2025-03-01,paid_social,Basic,297.35
CUST01305,2025-03-01,content_seo,Premium,150.65
CUST01306,2025-03-01,content_seo,Plus,131.0
CUST01307,2025-03-01,content_seo,Plus,134.28
CUST01308,2025-03-01,paid_social,Plus,352.38
CUST01309,2025-03-01,organic_referral,Premium,72.75
CUST01310,2025-03-01,organic_referral,Plus,61.41
CUST01311,2025-03-01,organic_referral,Plus,50.08
CUST01312,2025-03-01,paid_social,Basic,275.28
CUST01313,2025-03-01,organic_referral,Plus,41.54
CUST01314,2025-03-01,organic_referral,Plus,68.52
CUST01315,2025-03-01,organic_referral,Basic,54.97
CUST01316,2025-03-01,content_seo,Plus,157.82
CUST01317,2025-03-01,content_seo,Basic,168.61
CUST01318,2025-03-01,paid_search,Plus,209.82
CUST01319,2025-03-01,content_seo,Plus,141.06
CUST01320,2025-03-01,paid_social,Basic,267.76
CUST01321,2025-03-01,organic_referral,Basic,48.14
CUST01322,2025-03-01,paid_social,Basic,347.87
CUST01323,2025-03-01,organic_referral,Premium,69.25
CUST01324,2025-03-01,paid_social,Basic,287.8
CUST01325,2025-03-01,paid_social,Basic,324.08
CUST01326,2025-03-01,paid_social,Plus,340.47
CUST01327,2025-03-01,organic_referral,Basic,55.26
CUST01328,2025-03-01,content_seo,Plus,156.33
CUST01329,2025-03-01,content_seo,Plus,156.83
CUST01330,2025-03-01,content_seo,Premium,185.74
CUST01331,2025-03-01,content_seo,Plus,142.05
CUST01332,2025-03-01,paid_social,Basic,266.48
CUST01333,2025-03-01,organic_referral,Basic,70.42
CUST01334,2025-03-01,content_seo,Premium,167.17
CUST01335,2025-03-01,paid_social,Basic,306.84
CUST01336,2025-03-01,organic_referral,Plus,87.63
CUST01337,2025-03-01,paid_social,Basic,287.16
CUST01338,2025-03-01,paid_search,Basic,205.86
CUST01339,2025-03-01,content_seo,Premium,116.09
CUST01340,2025-03-01,paid_social,Basic,264.5
CUST01341,2025-03-01,content_seo,Premium,133.9
CUST01342,2025-03-01,paid_social,Basic,293.24
CUST01343,2025-03-01,paid_social,Basic,251.03
CUST01344,2025-03-01,organic_referral,Basic,73.81
CUST01345,2025-03-01,paid_social,Plus,271.02
CUST01346,2025-03-01,content_seo,Plus,204.97
CUST01347,2025-03-01,organic_referral,Plus,54.6
CUST01348,2025-03-01,content_seo,Basic,152.3
CUST01349,2025-03-01,organic_referral,Premium,64.53
CUST01350,2025-03-01,content_seo,Premium,125.93
CUST01351,2025-03-01,content_seo,Plus,145.87
CUST01352,2025-03-01,content_seo,Plus,145.57
CUST01353,2025-03-01,content_seo,Plus,172.24
CUST01354,2025-03-01,paid_search,Plus,211.97
CUST01355,2025-03-01,paid_social,Basic,322.88
CUST01356,2025-03-01,content_seo,Plus,171.65
CUST01357,2025-03-01,content_seo,Basic,164.72
CUST01358,2025-03-01,organic_referral,Basic,68.67
CUST01359,2025-03-01,organic_referral,Basic,55.22
CUST01360,2025-03-01,paid_social,Basic,307.26
CUST01361,2025-03-01,organic_referral,Basic,52.64
CUST01362,2025-03-01,paid_social,Basic,296.24
CUST01363,2025-03-01,paid_social,Basic,291.22
CUST01364,2025-03-01,content_seo,Plus,145.99
CUST01365,2025-03-01,organic_referral,Plus,46.76
CUST01366,2025-03-01,content_seo,Plus,90.0
CUST01367,2025-03-01,paid_social,Basic,284.17
CUST01368,2025-03-01,content_seo,Premium,177.69
CUST01369,2025-03-01,organic_referral,Premium,66.17
CUST01370,2025-03-01,paid_social,Basic,341.05
CUST01371,2025-03-01,organic_referral,Basic,52.73
CUST01372,2025-03-01,content_seo,Premium,138.97
CUST01373,2025-03-01,paid_social,Basic,391.06
CUST01374,2025-03-01,paid_search,Plus,177.04
CUST01375,2025-03-01,paid_social,Plus,322.08
CUST01376,2025-03-01,paid_social,Plus,322.01
CUST01377,2025-03-01,organic_referral,Plus,71.54
CUST01378,2025-03-01,content_seo,Premium,164.12
CUST01379,2025-03-01,paid_social,Basic,268.88
CUST01380,2025-03-01,paid_social,Plus,285.93
CUST01381,2025-03-01,organic_referral,Plus,28.72
CUST01382,2025-03-01,organic_referral,Plus,87.03
CUST01383,2025-03-01,organic_referral,Basic,73.38
CUST01384,2025-03-01,paid_search,Basic,180.72
CUST01385,2025-03-01,paid_social,Basic,267.65
CUST01386,2025-03-01,organic_referral,Basic,81.9
CUST01387,2025-03-01,paid_search,Basic,178.81
CUST01388,2025-03-01,organic_referral,Basic,55.32
CUST01389,2025-03-01,paid_social,Plus,260.0
CUST01390,2025-03-01,content_seo,Basic,168.67
CUST01391,2025-03-01,paid_search,Basic,230.3
CUST01392,2025-03-01,content_seo,Premium,144.65
CUST01393,2025-03-01,paid_social,Basic,340.69
CUST01394,2025-03-01,paid_search,Basic,210.49
CUST01395,2025-03-01,organic_referral,Basic,49.21
CUST01396,2025-03-01,paid_search,Plus,241.49
CUST01397,2025-03-01,content_seo,Basic,124.77
CUST01398,2025-03-01,paid_search,Premium,195.62
CUST01399,2025-03-01,organic_referral,Plus,61.83
CUST01400,2025-03-01,organic_referral,Plus,59.29
CUST01401,2025-03-01,content_seo,Plus,103.97
CUST01402,2025-03-01,paid_social,Basic,379.78
CUST01403,2025-04-01,paid_search,Plus,146.86
CUST01404,2025-04-01,organic_referral,Plus,47.12
CUST01405,2025-04-01,organic_referral,Basic,80.32
CUST01406,2025-04-01,content_seo,Basic,128.63
CUST01407,2025-04-01,paid_social,Plus,281.16
CUST01408,2025-04-01,organic_referral,Basic,61.25
CUST01409,2025-04-01,organic_referral,Basic,81.83
CUST01410,2025-04-01,paid_social,Basic,280.61
CUST01411,2025-04-01,content_seo,Premium,158.96
CUST01412,2025-04-01,organic_referral,Plus,31.17
CUST01413,2025-04-01,organic_referral,Plus,72.79
CUST01414,2025-04-01,paid_social,Basic,254.08
CUST01415,2025-04-01,paid_search,Basic,156.06
CUST01416,2025-04-01,organic_referral,Basic,53.74
CUST01417,2025-04-01,paid_search,Basic,189.12
CUST01418,2025-04-01,paid_search,Basic,258.64
CUST01419,2025-04-01,organic_referral,Basic,70.08
CUST01420,2025-04-01,content_seo,Premium,135.09
CUST01421,2025-04-01,content_seo,Premium,174.22
CUST01422,2025-04-01,paid_social,Basic,292.83
CUST01423,2025-04-01,paid_social,Basic,329.45
CUST01424,2025-04-01,content_seo,Plus,135.25
CUST01425,2025-04-01,content_seo,Premium,194.29
CUST01426,2025-04-01,content_seo,Plus,94.93
CUST01427,2025-04-01,paid_search,Plus,196.03
CUST01428,2025-04-01,paid_social,Plus,247.02
CUST01429,2025-04-01,content_seo,Premium,157.81
CUST01430,2025-04-01,paid_search,Basic,179.24
CUST01431,2025-04-01,organic_referral,Plus,59.29
CUST01432,2025-04-01,organic_referral,Premium,74.17
CUST01433,2025-04-01,paid_social,Basic,363.88
CUST01434,2025-04-01,paid_search,Plus,238.43
CUST01435,2025-04-01,organic_referral,Premium,51.15
CUST01436,2025-04-01,content_seo,Basic,156.26
CUST01437,2025-04-01,organic_referral,Plus,58.03
CUST01438,2025-04-01,paid_social,Basic,249.34
CUST01439,2025-04-01,content_seo,Plus,138.36
CUST01440,2025-04-01,organic_referral,Plus,88.21
CUST01441,2025-04-01,paid_search,Plus,238.1
CUST01442,2025-04-01,organic_referral,Premium,68.67
CUST01443,2025-04-01,paid_search,Basic,149.07
CUST01444,2025-04-01,organic_referral,Basic,62.97
CUST01445,2025-04-01,paid_search,Plus,177.44
CUST01446,2025-04-01,content_seo,Basic,128.33
CUST01447,2025-04-01,organic_referral,Plus,69.67
CUST01448,2025-04-01,organic_referral,Plus,85.37
CUST01449,2025-04-01,organic_referral,Plus,76.48
CUST01450,2025-04-01,paid_social,Basic,272.17
CUST01451,2025-04-01,content_seo,Premium,168.19
CUST01452,2025-04-01,paid_social,Plus,244.38
CUST01453,2025-04-01,paid_social,Basic,240.24
CUST01454,2025-04-01,paid_social,Plus,233.79
CUST01455,2025-04-01,paid_social,Basic,315.12
CUST01456,2025-04-01,content_seo,Basic,171.2
CUST01457,2025-04-01,paid_social,Basic,332.72
CUST01458,2025-04-01,content_seo,Plus,125.94
CUST01459,2025-04-01,paid_search,Basic,135.25
CUST01460,2025-04-01,paid_social,Basic,259.19
CUST01461,2025-04-01,organic_referral,Plus,48.83
CUST01462,2025-04-01,organic_referral,Plus,65.29
CUST01463,2025-04-01,paid_social,Plus,300.27
CUST01464,2025-04-01,paid_social,Plus,290.12
CUST01465,2025-04-01,paid_search,Plus,212.18
CUST01466,2025-04-01,content_seo,Basic,211.73
CUST01467,2025-04-01,paid_social,Plus,289.29
CUST01468,2025-04-01,content_seo,Plus,155.3
CUST01469,2025-04-01,organic_referral,Basic,64.2
CUST01470,2025-04-01,content_seo,Plus,134.58
CUST01471,2025-04-01,organic_referral,Premium,73.08
CUST01472,2025-04-01,content_seo,Plus,142.13
CUST01473,2025-04-01,paid_search,Basic,175.49
CUST01474,2025-04-01,content_seo,Basic,131.24
CUST01475,2025-04-01,paid_search,Basic,226.6
CUST01476,2025-04-01,paid_social,Plus,320.5
CUST01477,2025-04-01,content_seo,Premium,137.08
CUST01478,2025-04-01,paid_social,Plus,315.57
CUST01479,2025-04-01,content_seo,Premium,148.95
CUST01480,2025-04-01,organic_referral,Premium,68.44
CUST01481,2025-04-01,organic_referral,Basic,55.38
CUST01482,2025-04-01,paid_social,Basic,257.98
CUST01483,2025-04-01,organic_referral,Premium,60.2
CUST01484,2025-04-01,content_seo,Basic,127.41
CUST01485,2025-04-01,content_seo,Plus,125.75
CUST01486,2025-04-01,paid_search,Premium,158.81
CUST01487,2025-04-01,organic_referral,Plus,32.71
CUST01488,2025-04-01,paid_search,Basic,184.99
CUST01489,2025-04-01,organic_referral,Basic,81.28
CUST01490,2025-04-01,paid_social,Premium,331.88
CUST01491,2025-04-01,content_seo,Plus,190.04
CUST01492,2025-04-01,organic_referral,Basic,49.88
CUST01493,2025-04-01,organic_referral,Basic,74.08
CUST01494,2025-04-01,organic_referral,Plus,62.46
CUST01495,2025-04-01,paid_social,Basic,270.05
CUST01496,2025-04-01,content_seo,Premium,173.87
CUST01497,2025-04-01,organic_referral,Premium,62.61
CUST01498,2025-04-01,organic_referral,Plus,38.92
CUST01499,2025-04-01,paid_social,Basic,331.41
CUST01500,2025-04-01,organic_referral,Basic,69.78
CUST01501,2025-04-01,content_seo,Plus,151.87
CUST01502,2025-04-01,paid_search,Basic,164.38
CUST01503,2025-04-01,content_seo,Basic,154.72
CUST01504,2025-04-01,paid_search,Plus,242.94
CUST01505,2025-04-01,paid_social,Basic,311.61
CUST01506,2025-04-01,content_seo,Basic,112.53
CUST01507,2025-04-01,organic_referral,Basic,70.5
CUST01508,2025-04-01,organic_referral,Premium,69.51
CUST01509,2025-04-01,content_seo,Basic,167.26
CUST01510,2025-04-01,organic_referral,Basic,69.09
CUST01511,2025-04-01,paid_search,Premium,171.0
CUST01512,2025-04-01,content_seo,Basic,150.53
CUST01513,2025-04-01,paid_search,Premium,190.89
CUST01514,2025-04-01,paid_social,Basic,305.47
CUST01515,2025-04-01,paid_social,Basic,339.8
CUST01516,2025-04-01,content_seo,Premium,132.79
CUST01517,2025-04-01,organic_referral,Basic,91.72
CUST01518,2025-04-01,paid_social,Basic,314.39
CUST01519,2025-04-01,content_seo,Plus,169.79
CUST01520,2025-04-01,paid_search,Basic,219.32
CUST01521,2025-04-01,content_seo,Plus,157.96
CUST01522,2025-04-01,organic_referral,Basic,72.52
CUST01523,2025-04-01,paid_social,Basic,180.0
CUST01524,2025-04-01,paid_social,Plus,325.69
CUST01525,2025-04-01,organic_referral,Basic,51.53
CUST01526,2025-04-01,paid_social,Plus,295.9
CUST01527,2025-04-01,organic_referral,Basic,69.67
CUST01528,2025-04-01,organic_referral,Plus,80.67
CUST01529,2025-04-01,paid_social,Basic,264.08
CUST01530,2025-04-01,organic_referral,Premium,57.84
CUST01531,2025-04-01,paid_social,Plus,285.88
CUST01532,2025-04-01,organic_referral,Basic,67.23
CUST01533,2025-04-01,content_seo,Premium,142.62
CUST01534,2025-04-01,organic_referral,Basic,72.59
CUST01535,2025-04-01,paid_search,Basic,148.8
CUST01536,2025-04-01,organic_referral,Basic,62.3
CUST01537,2025-04-01,paid_social,Basic,361.84
CUST01538,2025-04-01,paid_social,Basic,288.29
CUST01539,2025-04-01,organic_referral,Basic,70.45
CUST01540,2025-04-01,paid_social,Plus,334.75
CUST01541,2025-04-01,content_seo,Basic,158.26
CUST01542,2025-04-01,paid_search,Plus,256.71
CUST01543,2025-04-01,paid_social,Basic,301.77
CUST01544,2025-04-01,organic_referral,Plus,73.36
CUST01545,2025-04-01,content_seo,Plus,154.74
CUST01546,2025-04-01,paid_social,Basic,351.88
CUST01547,2025-04-01,organic_referral,Basic,58.52
CUST01548,2025-04-01,content_seo,Plus,199.77
CUST01549,2025-04-01,paid_social,Plus,273.36
CUST01550,2025-04-01,content_seo,Basic,191.47
CUST01551,2025-04-01,paid_social,Plus,259.89
CUST01552,2025-04-01,paid_social,Basic,323.64
CUST01553,2025-04-01,organic_referral,Plus,64.37
CUST01554,2025-04-01,content_seo,Basic,171.15
CUST01555,2025-04-01,organic_referral,Basic,70.83
CUST01556,2025-04-01,content_seo,Basic,169.68
CUST01557,2025-04-01,content_seo,Plus,124.17
CUST01558,2025-04-01,content_seo,Basic,110.87
CUST01559,2025-04-01,organic_referral,Plus,47.33
CUST01560,2025-04-01,organic_referral,Basic,47.01
CUST01561,2025-04-01,paid_social,Basic,258.24
CUST01562,2025-04-01,paid_social,Premium,275.78
CUST01563,2025-04-01,paid_search,Premium,181.59
CUST01564,2025-04-01,paid_social,Basic,299.24
CUST01565,2025-04-01,paid_search,Plus,174.94
CUST01566,2025-04-01,organic_referral,Basic,53.52
CUST01567,2025-04-01,paid_social,Basic,290.55
CUST01568,2025-04-01,organic_referral,Plus,79.88
CUST01569,2025-04-01,content_seo,Plus,138.8
CUST01570,2025-04-01,organic_referral,Basic,63.74
CUST01571,2025-04-01,organic_referral,Basic,66.06
CUST01572,2025-04-01,content_seo,Basic,126.38
CUST01573,2025-04-01,paid_social,Plus,285.66
CUST01574,2025-04-01,organic_referral,Premium,54.58
CUST01575,2025-04-01,organic_referral,Plus,78.29
CUST01576,2025-04-01,paid_social,Plus,331.81
CUST01577,2025-04-01,paid_social,Plus,268.52
CUST01578,2025-04-01,organic_referral,Plus,63.47
CUST01579,2025-04-01,content_seo,Basic,163.96
CUST01580,2025-04-01,organic_referral,Premium,69.13
CUST01581,2025-04-01,paid_social,Basic,315.28
CUST01582,2025-04-01,paid_social,Basic,262.42
CUST01583,2025-04-01,organic_referral,Plus,89.21
CUST01584,2025-04-01,organic_referral,Basic,55.65
CUST01585,2025-04-01,organic_referral,Basic,55.26
CUST01586,2025-04-01,organic_referral,Plus,45.75
CUST01587,2025-04-01,paid_social,Basic,292.2
CUST01588,2025-04-01,paid_search,Plus,233.21
CUST01589,2025-04-01,content_seo,Plus,156.63
CUST01590,2025-05-01,paid_social,Basic,322.37
CUST01591,2025-05-01,paid_search,Basic,166.94
CUST01592,2025-05-01,paid_social,Basic,265.81
CUST01593,2025-05-01,organic_referral,Plus,74.22
CUST01594,2025-05-01,organic_referral,Premium,69.62
CUST01595,2025-05-01,paid_social,Plus,216.71
CUST01596,2025-05-01,paid_social,Basic,301.03
CUST01597,2025-05-01,paid_social,Basic,384.25
CUST01598,2025-05-01,content_seo,Plus,169.63
CUST01599,2025-05-01,organic_referral,Basic,57.31
CUST01600,2025-05-01,content_seo,Basic,130.61
CUST01601,2025-05-01,content_seo,Plus,158.92
CUST01602,2025-05-01,paid_social,Plus,347.87
CUST01603,2025-05-01,paid_social,Plus,230.84
CUST01604,2025-05-01,organic_referral,Basic,69.22
CUST01605,2025-05-01,paid_social,Basic,286.5
CUST01606,2025-05-01,content_seo,Basic,154.68
CUST01607,2025-05-01,paid_search,Basic,157.54
CUST01608,2025-05-01,paid_social,Basic,347.84
CUST01609,2025-05-01,organic_referral,Basic,87.44
CUST01610,2025-05-01,content_seo,Plus,167.09
CUST01611,2025-05-01,content_seo,Premium,193.29
CUST01612,2025-05-01,paid_social,Basic,284.57
CUST01613,2025-05-01,content_seo,Plus,156.42
CUST01614,2025-05-01,organic_referral,Basic,75.5
CUST01615,2025-05-01,organic_referral,Basic,70.56
CUST01616,2025-05-01,organic_referral,Premium,61.03
CUST01617,2025-05-01,organic_referral,Plus,62.58
CUST01618,2025-05-01,paid_search,Basic,241.55
CUST01619,2025-05-01,paid_social,Basic,298.99
CUST01620,2025-05-01,organic_referral,Basic,81.95
CUST01621,2025-05-01,paid_social,Premium,296.9
CUST01622,2025-05-01,paid_social,Basic,344.92
CUST01623,2025-05-01,paid_social,Basic,303.2
CUST01624,2025-05-01,organic_referral,Basic,74.13
CUST01625,2025-05-01,content_seo,Plus,133.42
CUST01626,2025-05-01,organic_referral,Premium,68.82
CUST01627,2025-05-01,content_seo,Premium,133.76
CUST01628,2025-05-01,organic_referral,Premium,58.86
CUST01629,2025-05-01,content_seo,Plus,141.69
CUST01630,2025-05-01,content_seo,Plus,145.55
CUST01631,2025-05-01,organic_referral,Premium,79.84
CUST01632,2025-05-01,organic_referral,Plus,58.3
CUST01633,2025-05-01,paid_search,Premium,204.45
CUST01634,2025-05-01,paid_social,Basic,345.07
CUST01635,2025-05-01,content_seo,Basic,164.66
CUST01636,2025-05-01,organic_referral,Plus,39.33
CUST01637,2025-05-01,organic_referral,Basic,43.42
CUST01638,2025-05-01,paid_social,Basic,315.6
CUST01639,2025-05-01,paid_search,Basic,185.16
CUST01640,2025-05-01,organic_referral,Plus,41.59
CUST01641,2025-05-01,content_seo,Basic,135.9
CUST01642,2025-05-01,content_seo,Plus,160.72
CUST01643,2025-05-01,organic_referral,Basic,59.85
CUST01644,2025-05-01,organic_referral,Plus,65.75
CUST01645,2025-05-01,organic_referral,Basic,61.13
CUST01646,2025-05-01,paid_social,Basic,272.13
CUST01647,2025-05-01,content_seo,Plus,155.87
CUST01648,2025-05-01,paid_social,Plus,233.94
CUST01649,2025-05-01,organic_referral,Basic,52.77
CUST01650,2025-05-01,content_seo,Basic,169.52
CUST01651,2025-05-01,paid_social,Plus,243.54
CUST01652,2025-05-01,paid_social,Basic,299.97
CUST01653,2025-05-01,paid_social,Basic,283.23
CUST01654,2025-05-01,organic_referral,Plus,57.34
CUST01655,2025-05-01,content_seo,Plus,172.09
CUST01656,2025-05-01,paid_social,Basic,343.74
CUST01657,2025-05-01,paid_social,Plus,258.27
CUST01658,2025-05-01,organic_referral,Premium,25.64
CUST01659,2025-05-01,paid_social,Plus,293.2
CUST01660,2025-05-01,content_seo,Plus,102.84
CUST01661,2025-05-01,paid_social,Basic,332.82
CUST01662,2025-05-01,paid_search,Basic,198.42
CUST01663,2025-05-01,content_seo,Plus,113.22
CUST01664,2025-05-01,organic_referral,Premium,53.43
CUST01665,2025-05-01,content_seo,Basic,121.9
CUST01666,2025-05-01,paid_social,Basic,267.03
CUST01667,2025-05-01,paid_search,Basic,145.75
CUST01668,2025-05-01,organic_referral,Basic,85.59
CUST01669,2025-05-01,organic_referral,Plus,49.86
CUST01670,2025-05-01,paid_social,Plus,299.88
CUST01671,2025-05-01,organic_referral,Basic,71.29
CUST01672,2025-05-01,content_seo,Basic,177.38
CUST01673,2025-05-01,paid_social,Basic,301.25
CUST01674,2025-05-01,organic_referral,Plus,60.91
CUST01675,2025-05-01,paid_social,Basic,302.91
CUST01676,2025-05-01,paid_search,Basic,168.55
CUST01677,2025-05-01,content_seo,Basic,125.59
CUST01678,2025-05-01,paid_social,Plus,288.19
CUST01679,2025-05-01,organic_referral,Plus,33.21
CUST01680,2025-05-01,organic_referral,Basic,54.85
CUST01681,2025-05-01,paid_search,Premium,185.66
CUST01682,2025-05-01,content_seo,Plus,197.84
CUST01683,2025-05-01,paid_social,Plus,349.55
CUST01684,2025-05-01,paid_search,Basic,212.46
CUST01685,2025-05-01,organic_referral,Basic,77.72
CUST01686,2025-05-01,content_seo,Basic,125.4
CUST01687,2025-05-01,organic_referral,Basic,66.5
CUST01688,2025-05-01,organic_referral,Basic,75.65
CUST01689,2025-05-01,paid_social,Basic,260.97
CUST01690,2025-05-01,paid_social,Premium,242.55
CUST01691,2025-05-01,paid_search,Plus,209.14
CUST01692,2025-05-01,paid_social,Basic,246.39
CUST01693,2025-05-01,content_seo,Plus,162.73
CUST01694,2025-05-01,content_seo,Basic,176.89
CUST01695,2025-05-01,content_seo,Basic,126.32
CUST01696,2025-05-01,paid_search,Plus,173.67
CUST01697,2025-05-01,paid_social,Basic,341.69
CUST01698,2025-05-01,paid_social,Basic,301.46
CUST01699,2025-05-01,organic_referral,Plus,78.35
CUST01700,2025-05-01,organic_referral,Basic,61.1
CUST01701,2025-05-01,paid_search,Plus,194.36
CUST01702,2025-05-01,paid_social,Basic,300.42
CUST01703,2025-05-01,paid_social,Basic,365.86
CUST01704,2025-05-01,organic_referral,Basic,77.05
CUST01705,2025-05-01,paid_social,Basic,271.69
CUST01706,2025-05-01,content_seo,Plus,154.28
CUST01707,2025-05-01,organic_referral,Plus,60.08
CUST01708,2025-05-01,content_seo,Basic,137.24
CUST01709,2025-05-01,content_seo,Plus,162.0
CUST01710,2025-05-01,content_seo,Plus,156.59
CUST01711,2025-05-01,organic_referral,Plus,50.95
CUST01712,2025-05-01,content_seo,Plus,150.33
CUST01713,2025-05-01,organic_referral,Basic,56.91
CUST01714,2025-05-01,paid_social,Plus,316.54
CUST01715,2025-05-01,content_seo,Basic,135.47
CUST01716,2025-05-01,content_seo,Plus,145.45
CUST01717,2025-05-01,organic_referral,Basic,57.73
CUST01718,2025-05-01,paid_search,Premium,149.55
CUST01719,2025-05-01,organic_referral,Premium,88.78
CUST01720,2025-05-01,paid_social,Plus,300.09
CUST01721,2025-05-01,paid_search,Basic,248.82
CUST01722,2025-05-01,paid_social,Basic,301.87
CUST01723,2025-05-01,content_seo,Basic,166.54
CUST01724,2025-05-01,paid_social,Premium,274.11
CUST01725,2025-05-01,content_seo,Premium,134.4
CUST01726,2025-05-01,content_seo,Basic,148.67
CUST01727,2025-05-01,content_seo,Premium,190.41
CUST01728,2025-05-01,organic_referral,Basic,51.42
CUST01729,2025-05-01,content_seo,Plus,102.77
CUST01730,2025-05-01,organic_referral,Premium,80.24
CUST01731,2025-05-01,paid_search,Plus,221.79
CUST01732,2025-05-01,organic_referral,Premium,58.52
CUST01733,2025-05-01,organic_referral,Basic,95.9
CUST01734,2025-05-01,paid_search,Plus,263.47
CUST01735,2025-05-01,organic_referral,Plus,38.89
CUST01736,2025-05-01,paid_social,Basic,273.24
CUST01737,2025-05-01,content_seo,Premium,148.49
CUST01738,2025-05-01,organic_referral,Basic,70.78
CUST01739,2025-05-01,organic_referral,Basic,68.43
CUST01740,2025-05-01,paid_social,Basic,299.94
CUST01741,2025-05-01,organic_referral,Basic,49.33
CUST01742,2025-05-01,organic_referral,Premium,72.67
CUST01743,2025-05-01,organic_referral,Basic,73.55
CUST01744,2025-05-01,paid_social,Basic,337.48
CUST01745,2025-05-01,paid_social,Basic,253.13
CUST01746,2025-05-01,organic_referral,Basic,61.71
CUST01747,2025-05-01,content_seo,Premium,138.04
CUST01748,2025-05-01,content_seo,Plus,120.3
CUST01749,2025-05-01,organic_referral,Plus,61.48
CUST01750,2025-05-01,paid_social,Basic,259.98
CUST01751,2025-05-01,paid_search,Plus,159.92
CUST01752,2025-05-01,paid_social,Plus,329.61
CUST01753,2025-05-01,paid_social,Basic,282.52
CUST01754,2025-05-01,paid_social,Basic,271.44
CUST01755,2025-05-01,organic_referral,Plus,82.95
CUST01756,2025-05-01,content_seo,Basic,165.04
CUST01757,2025-05-01,paid_search,Plus,140.68
CUST01758,2025-05-01,paid_search,Basic,211.76
CUST01759,2025-05-01,organic_referral,Plus,70.81
CUST01760,2025-05-01,paid_social,Plus,288.99
CUST01761,2025-05-01,organic_referral,Premium,60.32
CUST01762,2025-05-01,paid_social,Basic,236.54
CUST01763,2025-05-01,paid_social,Plus,381.79
CUST01764,2025-05-01,content_seo,Basic,144.03
CUST01765,2025-05-01,organic_referral,Premium,70.04
CUST01766,2025-05-01,paid_search,Premium,194.43
CUST01767,2025-05-01,organic_referral,Plus,54.52
CUST01768,2025-05-01,organic_referral,Basic,77.33
CUST01769,2025-05-01,paid_search,Premium,204.22
CUST01770,2025-05-01,content_seo,Plus,144.24
CUST01771,2025-05-01,paid_social,Plus,313.0
CUST01772,2025-05-01,paid_social,Plus,296.12
CUST01773,2025-05-01,organic_referral,Plus,90.64
CUST01774,2025-05-01,organic_referral,Plus,76.78
CUST01775,2025-05-01,paid_social,Basic,319.49
CUST01776,2025-05-01,paid_social,Plus,240.5
CUST01777,2025-05-01,content_seo,Basic,163.08
CUST01778,2025-05-01,organic_referral,Premium,72.46
CUST01779,2025-05-01,content_seo,Plus,125.38
CUST01780,2025-05-01,content_seo,Plus,112.32
CUST01781,2025-05-01,organic_referral,Basic,76.11
CUST01782,2025-05-01,organic_referral,Basic,78.09
CUST01783,2025-05-01,paid_social,Basic,275.23
CUST01784,2025-05-01,content_seo,Basic,133.47
CUST01785,2025-05-01,content_seo,Basic,153.08
CUST01786,2025-05-01,content_seo,Premium,139.0
CUST01787,2025-05-01,paid_social,Basic,238.97
CUST01788,2025-05-01,organic_referral,Plus,50.08
CUST01789,2025-06-01,organic_referral,Plus,54.17
CUST01790,2025-06-01,content_seo,Basic,91.14
CUST01791,2025-06-01,paid_social,Plus,278.22
CUST01792,2025-06-01,organic_referral,Basic,70.29
CUST01793,2025-06-01,content_seo,Plus,164.75
CUST01794,2025-06-01,paid_social,Basic,269.26
CUST01795,2025-06-01,organic_referral,Basic,31.62
CUST01796,2025-06-01,paid_search,Basic,177.73
CUST01797,2025-06-01,organic_referral,Basic,50.82
CUST01798,2025-06-01,paid_social,Basic,250.99
CUST01799,2025-06-01,paid_social,Plus,317.03
CUST01800,2025-06-01,paid_social,Basic,300.49
CUST01801,2025-06-01,content_seo,Plus,182.61
CUST01802,2025-06-01,organic_referral,Basic,55.7
CUST01803,2025-06-01,paid_search,Premium,187.9
CUST01804,2025-06-01,content_seo,Plus,185.64
CUST01805,2025-06-01,paid_search,Basic,170.37
CUST01806,2025-06-01,content_seo,Premium,166.01
CUST01807,2025-06-01,paid_search,Basic,225.47
CUST01808,2025-06-01,content_seo,Plus,114.75
CUST01809,2025-06-01,paid_social,Basic,308.68
CUST01810,2025-06-01,paid_social,Basic,298.5
CUST01811,2025-06-01,content_seo,Plus,165.25
CUST01812,2025-06-01,paid_social,Plus,306.66
CUST01813,2025-06-01,content_seo,Plus,121.14
CUST01814,2025-06-01,organic_referral,Basic,31.85
CUST01815,2025-06-01,content_seo,Plus,119.69
CUST01816,2025-06-01,organic_referral,Basic,70.56
CUST01817,2025-06-01,paid_search,Plus,163.88
CUST01818,2025-06-01,organic_referral,Premium,90.05
CUST01819,2025-06-01,organic_referral,Basic,79.81
CUST01820,2025-06-01,content_seo,Plus,124.87
CUST01821,2025-06-01,content_seo,Basic,146.05
CUST01822,2025-06-01,content_seo,Premium,134.18
CUST01823,2025-06-01,paid_search,Plus,204.92
CUST01824,2025-06-01,organic_referral,Plus,72.41
CUST01825,2025-06-01,content_seo,Premium,116.42
CUST01826,2025-06-01,paid_social,Basic,316.47
CUST01827,2025-06-01,paid_social,Plus,317.9
CUST01828,2025-06-01,paid_social,Plus,269.07
CUST01829,2025-06-01,organic_referral,Basic,85.12
CUST01830,2025-06-01,paid_social,Basic,295.03
CUST01831,2025-06-01,content_seo,Premium,171.61
CUST01832,2025-06-01,organic_referral,Basic,41.54
CUST01833,2025-06-01,paid_search,Plus,233.74
CUST01834,2025-06-01,paid_social,Premium,316.21
CUST01835,2025-06-01,organic_referral,Basic,52.31
CUST01836,2025-06-01,content_seo,Premium,159.69
CUST01837,2025-06-01,organic_referral,Basic,87.53
CUST01838,2025-06-01,organic_referral,Plus,56.72
CUST01839,2025-06-01,content_seo,Basic,135.89
CUST01840,2025-06-01,organic_referral,Plus,62.19
CUST01841,2025-06-01,organic_referral,Plus,65.99
CUST01842,2025-06-01,content_seo,Premium,173.37
CUST01843,2025-06-01,organic_referral,Basic,71.92
CUST01844,2025-06-01,content_seo,Plus,145.29
CUST01845,2025-06-01,content_seo,Basic,157.22
CUST01846,2025-06-01,organic_referral,Plus,90.35
CUST01847,2025-06-01,paid_social,Plus,325.31
CUST01848,2025-06-01,organic_referral,Plus,63.68
CUST01849,2025-06-01,content_seo,Premium,144.6
CUST01850,2025-06-01,organic_referral,Plus,68.44
CUST01851,2025-06-01,paid_search,Basic,227.64
CUST01852,2025-06-01,organic_referral,Premium,54.75
CUST01853,2025-06-01,content_seo,Basic,169.27
CUST01854,2025-06-01,organic_referral,Plus,63.39
CUST01855,2025-06-01,organic_referral,Basic,65.47
CUST01856,2025-06-01,paid_social,Basic,401.4
CUST01857,2025-06-01,paid_social,Basic,326.5
CUST01858,2025-06-01,paid_search,Basic,185.45
CUST01859,2025-06-01,organic_referral,Plus,71.03
CUST01860,2025-06-01,organic_referral,Basic,79.63
CUST01861,2025-06-01,paid_social,Basic,326.96
CUST01862,2025-06-01,paid_social,Basic,220.16
CUST01863,2025-06-01,paid_search,Premium,120.0
CUST01864,2025-06-01,paid_search,Basic,199.74
CUST01865,2025-06-01,paid_search,Basic,213.38
CUST01866,2025-06-01,organic_referral,Plus,70.46
CUST01867,2025-06-01,paid_social,Plus,283.53
CUST01868,2025-06-01,content_seo,Premium,167.3
CUST01869,2025-06-01,paid_social,Basic,345.18
CUST01870,2025-06-01,content_seo,Basic,112.13
CUST01871,2025-06-01,organic_referral,Premium,41.11
CUST01872,2025-06-01,paid_social,Plus,315.74
CUST01873,2025-06-01,paid_search,Premium,223.31
CUST01874,2025-06-01,organic_referral,Basic,56.78
CUST01875,2025-06-01,paid_search,Plus,141.51
CUST01876,2025-06-01,paid_social,Basic,300.3
CUST01877,2025-06-01,organic_referral,Plus,70.68
CUST01878,2025-06-01,organic_referral,Basic,61.03
CUST01879,2025-06-01,organic_referral,Plus,80.03
CUST01880,2025-06-01,paid_social,Basic,312.7
CUST01881,2025-06-01,organic_referral,Plus,55.3
CUST01882,2025-06-01,content_seo,Basic,136.12
CUST01883,2025-06-01,paid_search,Plus,200.85
CUST01884,2025-06-01,paid_social,Plus,286.87
CUST01885,2025-06-01,organic_referral,Plus,40.31
CUST01886,2025-06-01,paid_social,Basic,309.26
CUST01887,2025-06-01,content_seo,Plus,136.71
CUST01888,2025-06-01,paid_social,Plus,284.81
CUST01889,2025-06-01,organic_referral,Plus,50.09
CUST01890,2025-06-01,paid_social,Basic,361.31
CUST01891,2025-06-01,paid_social,Plus,324.03
CUST01892,2025-06-01,paid_social,Basic,372.45
CUST01893,2025-06-01,organic_referral,Plus,60.96
CUST01894,2025-06-01,paid_search,Basic,219.77
CUST01895,2025-06-01,organic_referral,Plus,68.73
CUST01896,2025-06-01,organic_referral,Premium,55.82
CUST01897,2025-06-01,organic_referral,Basic,60.82
CUST01898,2025-06-01,paid_social,Basic,323.95
CUST01899,2025-06-01,paid_social,Basic,260.2
CUST01900,2025-06-01,organic_referral,Basic,80.19
CUST01901,2025-06-01,paid_social,Plus,306.67
CUST01902,2025-06-01,content_seo,Basic,171.68
CUST01903,2025-06-01,organic_referral,Premium,70.74
CUST01904,2025-06-01,paid_search,Basic,154.75
CUST01905,2025-06-01,paid_social,Basic,299.68
CUST01906,2025-06-01,organic_referral,Plus,80.55
CUST01907,2025-06-01,paid_search,Plus,204.57
CUST01908,2025-06-01,content_seo,Plus,150.42
CUST01909,2025-06-01,paid_social,Basic,306.05
CUST01910,2025-06-01,content_seo,Plus,107.24
CUST01911,2025-06-01,paid_social,Plus,345.9
CUST01912,2025-06-01,paid_social,Basic,213.7
CUST01913,2025-06-01,content_seo,Plus,184.27
CUST01914,2025-06-01,content_seo,Basic,141.6
CUST01915,2025-06-01,organic_referral,Basic,71.78
CUST01916,2025-06-01,content_seo,Plus,105.46
CUST01917,2025-06-01,paid_social,Plus,330.63
CUST01918,2025-06-01,organic_referral,Basic,73.75
CUST01919,2025-06-01,paid_search,Plus,215.62
CUST01920,2025-06-01,paid_social,Basic,227.25
CUST01921,2025-06-01,paid_social,Basic,270.56
CUST01922,2025-06-01,paid_social,Plus,315.53
CUST01923,2025-06-01,paid_social,Premium,344.68
CUST01924,2025-06-01,organic_referral,Plus,51.91
CUST01925,2025-06-01,paid_search,Basic,174.57
CUST01926,2025-06-01,content_seo,Basic,158.04
CUST01927,2025-06-01,content_seo,Plus,210.28
CUST01928,2025-06-01,paid_social,Plus,276.17
CUST01929,2025-06-01,organic_referral,Basic,59.79
CUST01930,2025-06-01,organic_referral,Basic,57.69
CUST01931,2025-06-01,paid_social,Basic,295.8
CUST01932,2025-06-01,organic_referral,Basic,83.06
CUST01933,2025-06-01,content_seo,Premium,148.64
CUST01934,2025-06-01,paid_search,Plus,276.15
CUST01935,2025-06-01,paid_social,Basic,304.67
CUST01936,2025-06-01,paid_social,Plus,352.42
CUST01937,2025-06-01,content_seo,Premium,143.04
CUST01938,2025-06-01,organic_referral,Basic,47.24
CUST01939,2025-06-01,paid_search,Plus,198.32
CUST01940,2025-06-01,paid_social,Basic,321.44
CUST01941,2025-06-01,organic_referral,Plus,54.08
CUST01942,2025-06-01,organic_referral,Premium,81.9
CUST01943,2025-06-01,paid_search,Premium,186.72
CUST01944,2025-06-01,organic_referral,Basic,50.1
CUST01945,2025-06-01,content_seo,Plus,206.82
CUST01946,2025-06-01,organic_referral,Basic,53.37
CUST01947,2025-06-01,organic_referral,Plus,57.95
CUST01948,2025-06-01,paid_search,Plus,221.03
CUST01949,2025-06-01,organic_referral,Plus,60.34
CUST01950,2025-06-01,organic_referral,Basic,50.58
CUST01951,2025-06-01,paid_social,Plus,277.51
CUST01952,2025-06-01,paid_search,Plus,256.77
CUST01953,2025-06-01,paid_social,Basic,322.9
CUST01954,2025-06-01,organic_referral,Basic,76.57
CUST01955,2025-06-01,paid_search,Plus,208.18
CUST01956,2025-06-01,content_seo,Basic,160.96
CUST01957,2025-06-01,paid_search,Basic,188.52
CUST01958,2025-06-01,content_seo,Basic,153.66
CUST01959,2025-06-01,content_seo,Plus,102.74
CUST01960,2025-06-01,paid_social,Basic,338.61
CUST01961,2025-06-01,paid_social,Basic,284.35
CUST01962,2025-06-01,content_seo,Premium,122.26
CUST01963,2025-06-01,content_seo,Basic,155.06
CUST01964,2025-06-01,paid_search,Premium,194.75
CUST01965,2025-06-01,paid_social,Basic,337.06
CUST01966,2025-06-01,organic_referral,Basic,64.48
CUST01967,2025-06-01,paid_social,Plus,276.71
CUST01968,2025-06-01,content_seo,Plus,149.72
CUST01969,2025-06-01,paid_social,Basic,357.56
CUST01970,2025-06-01,content_seo,Plus,174.05
CUST01971,2025-06-01,paid_social,Basic,322.79
CUST01972,2025-06-01,organic_referral,Basic,80.14
CUST01973,2025-06-01,paid_social,Plus,325.94
CUST01974,2025-06-01,content_seo,Premium,128.96
CUST01975,2025-06-01,paid_search,Basic,223.39
CUST01976,2025-06-01,paid_social,Plus,345.47
CUST01977,2025-06-01,paid_social,Plus,347.97
CUST01978,2025-06-01,paid_social,Basic,258.52
CUST01979,2025-06-01,paid_social,Basic,281.31
CUST01980,2025-06-01,organic_referral,Basic,55.89
CUST01981,2025-06-01,paid_search,Premium,191.38
CUST01982,2025-06-01,paid_search,Premium,213.82
CUST01983,2025-06-01,paid_social,Plus,307.09
CUST01984,2025-06-01,paid_social,Basic,307.1
CUST01985,2025-06-01,organic_referral,Basic,45.81
CUST01986,2025-06-01,paid_social,Plus,279.91
CUST01987,2025-06-01,paid_social,Plus,351.25
CUST01988,2025-06-01,content_seo,Premium,178.3
CUST01989,2025-06-01,organic_referral,Premium,64.24
CUST01990,2025-06-01,content_seo,Premium,169.56
CUST01991,2025-06-01,organic_referral,Basic,70.52
CUST01992,2025-06-01,content_seo,Basic,172.43
CUST01993,2025-06-01,content_seo,Plus,170.72
CUST01994,2025-06-01,organic_referral,Premium,94.97
CUST01995,2025-06-01,paid_social,Plus,301.03
CUST01996,2025-06-01,content_seo,Basic,164.4
CUST01997,2025-06-01,content_seo,Plus,160.84
CUST01998,2025-06-01,organic_referral,Plus,65.77
CUST01999,2025-06-01,paid_social,Basic,293.51
